ordinal	address	ghidra_name	def_name	names_agree
10000	0x6fd9f450	DATATBLS_CollectTableEntriesByMask	DRLG_GetLevelTypeFromLevelId	no
10001	0x6fd9cf40	COLLISION_GetMaskFlags	DRLG_GetActNoFromLevelId	no
10002	0x6fda1000	DATATBLS_ResolveAttackRangeType	DRLG_GetLOSDrawFromLevelId	no
10003	0x6fd7d0b0	DATATBLS_SetMatrixBit	DRLGACTIVATE_Update	no
10004	0x6fd6e880	DATATBLS_CompareItemOwner	DRLG_GetSaveMonstersFromLevelId	no
10005	0x6fdc0ff0	DATATBLS_SetPropertyRecord	DRLG_GetLevel	no
10006	0x6fdc0fa0	DATATBLS_GetRunesRecord	DRLG_InitLevel	no
10007	0x6fd8c800	DRLG_UpdateLevels	DUNGEON_GetRoomExFromRoom	no
10008	0x6fda2660	SKILLS_SetItemInventoryDisplayTier	DRLGPRESET_GetLevelPrestIdFromRoomEx	no
10009	0x6fd7f9b0	UNIT_SetActionTarget	DRLGPRESET_GetPickedLevelPrestFilePathFromRoomEx	no
10010	0x6fd6fe10	ITEMS_FindUnitByType	DATATBLS_GetLevelDefRecord	no
10011	0x6fdcb810	DATATBLS_CalcTotalDefenseRating	DATATBLS_GetAutomapCellId	no
10012	0x6fd737a0	ITEMS_SetItemDataByte45	DRLG_FreeDrlg	no
10013	0x6fd71f60	BinkBufferSetHWND	DRLG_AllocLevel	no
10014	0x6fdbccc0	SKILLS_GetSkillDataRecord	DRLG_AllocDrlg	no
10015	0x6fda3390	GetTableEntryPtr4B	DRLGACTIVATE_GetRoomsAllocationStats	no
10016	0x6fd72700	GetItemRecordFlagBit2	D2COMMON_10016_Return0	no
10017	0x6fd72ad0	ITEMS_GetItemRecordFieldE4	DRLGROOMTILE_GetNumberOfShadowsFromRoom	no
10018	0x6fd6d7c0	MISSILE_SetCollisionMask	D2COMMON_10018_Return0	no
10019	0x6fdb9f70	SetMissileTypeData2C	D2COMMON_10019_Return	no
10020	0x6fd737c0	ITEMS_GetItemDataByte45	DRLGPRESET_CreateCopyOfMapAI	no
10021	0x6fd9a370	PROFILE_AccumulateElapsedTime	DRLGPRESET_ChangeMapAI	no
10022	0x6fd84630	SetValidatedByte0x94	DRLGPRESET_FreeMapAI	no
10023	0x6fd7f060	AdvanceAnimFrameWithWrap	DATATBLS_GetLevelTypesTxtRecord	no
10024	0x6fdba1b0	MISSILE_SetSourceData	DATATBLS_GetLvlPrestTxtRecord	no
10025	0x6fdce460	STORM_GetLastError	DUNGEON_GetWarpCoordinatesFromRoom	no
10026	0x6fd729d0	DATATBLS_GetItemRecordByte136	DUNGEON_ToggleRoomTilesEnableFlag	no
10027	0x6fdb7d00	DATATBLS_ExportStateFlagsToBuffer	DUNGEON_GetWarpTileFromRoomAndSourceLevelId	no
10028	0x6fda0020	MONSTER_IsRevivable	DUNGEON_GetLvlWarpTxtRecordFromRoomAndUnit	no
10029	0x6fd9f610	SKILLS_AddOrRemoveChargedSkillWrapper	DUNGEON_GetFirstUnitInRoom	no
10030	0x6fd9ec50	DATATBLS_GetMonStatsAnimIndex	DUNGEON_GetFloorTilesFromRoom	no
10031	0x6fd82220	GetEquipSlotAnimComponent	DUNGEON_GetWallTilesFromRoom	no
10032	0x6fd81850	COLLISION_ApplyPatternAtCoords	DUNGEON_GetRoofTilesFromRoom	no
10033	0x6fd83b40	STATS_TestBitfieldTable_F8	DUNGEON_GetTileDataFromAct	no
10034	0x6fd7e920	UNIT_GetAnimDataField28	DUNGEON_GetRoomCoordinates	no
10035	0x6fda3850	DATATBLS_GetItemRecordFields4A4B	DUNGEON_GetAdjacentRoomsListFromRoom	no
10036	0x6fd6e600	GetMissileTypeDataShort04	DUNGEON_GetAlliedCountFromRoom	no
10037	0x6fd9fe80	STAT_GetAnimDataFrameInfo	DUNGEON_GetTownLevelIdFromAct	no
10038	0x6fda3370	MONSTER_GetSuperUniquesEntry	DUNGEON_AllocAct	no
10039	0x6fd5a090	DATATBLS_GetDataTableRowValue	DUNGEON_FreeAct	no
10040	0x6fdba580	MISSILE_CalculateLevelScaledValue	DUNGEON_DoRoomsTouchOrOverlap	no
10041	0x6fdc1280	BinkBufferGetError	DUNGEON_FindRoomBySubtileCoordinates	no
10042	0x6fd84c10	GetStatListField64	sgptDataTables	no
10043	0x6fd8c810	DRLG_UpdateUnitRoomTimers	DUNGEON_AreTileCoordinatesInsideRoom	no
10044	0x6fd9e550	DATATBLS_GetClassSkillIdByIndex	DUNGEON_CheckLOSDraw	no
10045	0x6fd8b860	GetBodyLocPropertyByte0	DUNGEON_FindActSpawnLocationEx	no
10046	0x6fd8b690	STAT_GetUnitStatDirect	DUNGEON_FindActSpawnLocation	no
10047	0x6fd8b270	STAT_GetUnitBaseStat	DUNGEON_GetHoradricStaffTombLevelId	no
10048	0x6fd72e20	ITEMS_GetItemRecordFieldByte	DUNGEON_CheckRoomsOverlapping_BROKEN	no
10049	0x6fd81940	SetItemTypeDataQuantity	DUNGEON_CallRoomCallback	no
10050	0x6fd6e4f0	INV_AddItemInventoryRecord	DUNGEON_GetAdjacentRoomByTileCoordinates	no
10051	0x6fd6fb80	GetWeaponSlotRestrictionCode	DUNGEON_FindRoomByTileCoordinates	no
10052	0x6fd62720	UNITS_FindUnitsInRooms	D2Common_10052	no
10053	0x6fd8cda0	GenerateAutoMapCellData	DUNGEON_GetSubtileRect	no
10054	0x6fd84ee0	GetNestedCoordPair	DUNGEON_GetRGB_IntensityFromRoom	no
10055	0x6fd6edf0	DATATBLS_FindItemNodeInBodyLocGrid	DUNGEON_GetPresetUnitsFromRoom	no
10056	0x6fda2480	SKILLS_SetPlayerOverlayFlag	DUNGEON_GetRoomFromAct	no
10057	0x6fd8c390	LEVELS_CheckSpecialBodyLocation	DUNGEON_GetLevelIdFromRoom	no
10058	0x6fd73c30	DATATBLSSetItemField44	DUNGEON_GetWarpDestinationLevel	no
10059	0x6fd72ff0	ITEMS_GetItemCode	DUNGEON_GetLevelIdFromPopulatedRoom	no
10060	0x6fd728d0	GetItemRecordGfxField	DUNGEON_HasWaypoint	no
10061	0x6fd70320	INVENTORY_FindEquippedItemByClassId	DUNGEON_GetPickedLevelPrestFilePathFromRoom	no
10062	0x6fd70830	INV_GetEquippedItemByBodyLoc	DUNGEON_ChangeClientRoom	no
10063	0x6fd91fd0	LOG_GetItemDataWithSeed	DUNGEON_SetClientIsInSight	no
10064	0x6fd6a550	DATATBLS_GetMonsterPropertyBit6	DUNGEON_UnsetClientIsInSight	no
10065	0x6fd6a330	MONSTER_GetInvGridSize	DUNGEON_StreamRoomAtCoords	no
10066	0x6fdae7e0	DATATBLS_GetMaxItemLevelByDifficulty	DUNGEON_AllocDrlgDelete	no
10067	0x6fd7fc50	UNIT_SetUnitRunningFlag	DUNGEON_FreeDrlgDelete	no
10068	0x6fd83e00	MISSILES_TestTblMaskField_13C	DUNGEON_GetDrlgDeleteFromRoom	no
10069	0x6fd830f0	ApplyUnitStateWrapper	DUNGEON_GetARoomInClientSight	no
10070	0x6fd9e060	SKILLS_GetMonsterSkillLevel	DUNGEON_GetARoomInSightButWithoutClient	no
10071	0x6fd7a210	ITEMS_CalculateEquippedServiceCost	DUNGEON_TestRoomCanUnTile	no
10072	0x6fdad710	DATATBLS_FreeResourceBuffer	DUNGEON_GetRoomStatusFlags	no
10073	0x6fd7eb30	__sbh_find_block	D2Common_10073	no
10074	0x6fdba0c0	MISSILE_SetTypeDataShort06	D2Common_10074	no
10075	0x6fd5e1a0	PATH_HandleForceTeleport	D2Common_10075	no
10076	0x6fd821c0	ITEMS_GetBestWeaponBodyType	DUNGEON_RemoveRoomFromAct	no
10077	0x6fd8a100	STAT_ReapplyUnitStatsToModifierChain	D2Common_10077	no
10078	0x6fd9d870	PATH_FindNearestFreePositionEx	DUNGEON_UpdateAndFreeInactiveRooms	no
10079	0x6fda3020	FindRecordByIdStride0x4C	DUNGEON_AddClientToRoom	no
10080	0x6fdcf5e0	PATH_CalcDistanceToPoint	DUNGEON_RemoveClientFromRoom	no
10081	0x6fd72880	ITEMS_GetItemRecordField13E	D2Common_10081_GetTileCountFromRoom	no
10082	0x6fd730a0	GetItemTypeFromClassId	DUNGEON_IsRoomInTown	no
10083	0x6fd73700	FindUnitInRoomsByTypeAndId	D2COMMON_10083_Return0	no
10084	0x6fd865a0	UNIT_UpdateUnitCollisionAndPosition	D2Common_10084	no
10085	0x6fdb7eb0	DATATBLS_FindSkillByCharClass	DUNGEON_GetTownLevelIdFromActNo	no
10086	0x6fd73810	RefreshUnitCollisionSize	DUNGEON_IsTownLevelId	no
10087	0x6fd77090	IsItemRepairable	D2Common_10087	no
10088	0x6fd80670	SKILLS_UpdatePlayerSkillAnimData8	DUNGEON_GetDrlgFromAct	no
10089	0x6fd742d0	DATATBLS_GetItemTypeClass	DUNGEON_GetInitSeedFromAct	no
10090	0x6fd9ea00	CalcLevelScaledTableValueRaw	DUNGEON_GetNumberOfPopulatedRoomsInLevel	no
10091	0x6fd7c9c0	GetStringIdFromSlotIndex	DUNGEON_UpdateWarpRoomSelect	no
10092	0x6fd7ecb0	UNIT_GetMonsterDataField8	DUNGEON_UpdateWarpRoomDeselect	no
10093	0x6fd8cd80	ROOM_GetConnectedRoomLevel	DUNGEON_UpdatePops	no
10094	0x6fdce340	GetExpFieldTileByte	DUNGEON_GetTombStoneTileCoords	no
10095	0x6fd9da00	TILE_ToScreenCoords	D2Common_10095	no
10096	0x6fda00e0	MONSTER_IsRevivable	D2Common_10096	no
10097	0x6fd681e0	MONSTER_SetDataField08	DUNGEON_GetRoomCoordList	no
10098	0x6fdba390	MISSILE_AllocateData	DUNGEON_GetPortalLevelArrayFromPortalFlags	no
10099	0x6fd82820	UNITS_InitializeAnimationFromGfxMode	DUNGEON_GetPortalFlagFromLevelId	no
10100	0x6fd83e60	MISSILES_TestTblMaskField_130	DUNGEON_IncreaseAlliedCountOfRoom	no
10101	0x6fd70700	INV_FindUsableWeaponByUnit	DUNGEON_DecreaseAlliedCountOfRoom	no
10102	0x6fd9e6d0	DATATBLS_GetLevelTileYProperty	DUNGEON_ToggleHasPortalFlag	no
10103	0x6fdaa850	DATATBLS_GetRandomStringD	DUNGEON_SetActCallbackFunc	no
10104	0x6fd7a170	DATATBLS_IsItemQuantityDepleted	DUNGEON_AnimateTiles	no
10105	0x6fd6fd40	FindBodyLocUnitByItemType	DUNGEON_InitRoomTileAnimation	no
10106	0x6fd73b40	ITEMS_GetItemQuality	DUNGEON_SaveKilledUnitGUID	no
10107	0x6fd79d60	CalculateItemValueWrapper	DUNGEON_ClientToGameTileCoords	no
10108	0x6fd72f80	DATATBLS_GetItemTypeField10	DUNGEON_ClientToGameSubtileCoords	no
10109	0x6fd8d160	SKILLS_GetSkillListEntryByTypeIndex2	DUNGEON_ClientToGameCoords	no
10110	0x6fd95d30	ITEMS_CheckItemTypeFilter	DUNGEON_GameTileToClientCoords	no
10111	0x6fd7ea30	UNIT_SetObjectDataByte5	DUNGEON_GameSubtileToClientCoords	no
10112	0x6fd84df0	ShutdownStubNoOp	DUNGEON_GameToClientCoords	no
10113	0x6fd9dbc0	StubNoOp	DUNGEON_GameTileToSubtileCoords	no
10114	0x6fd731a0	GetItemDimensions	DUNGEON_ClientTileDrawPositionToGameCoords	no
10115	0x6fd9dc30	GetGlobalTableEntry	DUNGEON_GameToClientTileDrawPositionCoords	no
10116	0x6fd8b0d0	LEVEL_GetConditionalCoordinates	DUNGEON_ClientSubileDrawPositionToGameCoords	no
10117	0x6fdba0a0	GetMissileTypeDataShort06	DUNGEON_GameToClientSubtileDrawPositionCoords	no
10118	0x6fd8b000	FreeLinkedResourceList	COLLISION_CheckMask	no
10119	0x6fd72c20	DATATBLS_GetItemRecordByte129	COLLISION_CheckMaskWithSize	no
10120	0x6fd72970	ITEMS_GetItemRecordField108	COLLISION_CheckMaskWithSizeXY	no
10121	0x6fda0460	CalcSkillElemMin	COLLISION_CheckMaskWithPattern	no
10122	0x6fd85360	MONSTER_GetBossProperty	COLLISION_CheckAnyCollisionWithPattern	no
10123	0x6fd845d0	PATH_GetCollisionField	COLLISION_ResetMask	no
10124	0x6fd83990	UNIT_FreeUnitAndResources	COLLISION_ResetMaskWithSize	no
10125	0x6fdd2d60	OVERLAY_GetRecordMultipleFields	COLLISION_ResetMaskWithSizeXY	no
10126	0x6fdc0610	AbortUnreachable2	COLLISION_ResetMaskWithPattern	no
10127	0x6fdb63b0	DetachAllNodesFromList	COLLISION_SetMask	no
10128	0x6fd7ec60	MONSTER_SetDataField8	COLLISION_SetMaskWithSize	no
10129	0x6fd9dbd0	StubNoOp	COLLISION_SetMaskWithSizeXY	no
10130	0x6fdba030	GetMissileDataField08	COLLISION_SetMaskWithPattern	no
10131	0x6fd73780	DRLG_GetItemDataByte46	COLLISION_TryMoveUnitCollisionMask	no
10132	0x6fd9db40	DUNGEON_GameToClientCoords	COLLISION_TryTeleportUnitCollisionMask	no
10133	0x6fd71e10	UNITS_GetBlockChance	COLLISION_SetUnitCollisionMask	no
10134	0x6fdd4c70	GetMonsterComponentRecord	COLLISION_GetFreeCoordinates	no
10135	0x6fd87af0	PATH_EvalEnvAnimVelocity	COLLISION_GetFreeCoordinatesWithMaxDistance	no
10136	0x6fd9e180	SKILLS_GetSkillNodeField8Safe	D2Common_10136	no
10137	0x6fd9de60	ENV_SetEnvironmentUnit	COLLISION_GetFreeCoordinatesEx	no
10138	0x6fd70620	INVENTORY_UpdateEquippedClassIdCache	COLLISION_GetFreeCoordinatesWithField	no
10139	0x6fdce290	ROOM_StepExplorationField	D2COMMON_10139_Return	no
10140	0x6fd7ec00	DATATBLS_GetMaxDamageStatCost	D2COMMON_10140_Return	no
10141	0x6fd80050	GetUnitLevelPosition	PATH_GetClientCoordsVelocity	no
10142	0x6fd7ede0	GetObjectAnimModeRecordByte	D2Common_10142	no
10143	0x6fd813f0	UNITS_GetEntryValueById	PATH_SetUnitDeadCollision	no
10144	0x6fd8c3b0	ROOM_ClearStructArrayAndFlag	PATH_SetUnitAliveCollision	no
10145	0x6fd6ec30	INV_CountItemsByClassIdBelowQuality	PATH_SetUnusedFlag_0x00004	no
10146	0x6fd74d00	IsItemAtBaseTier	PATH_SetVelocity	no
10147	0x6fda1070	SKILLS_CalculateByType	PATH_GetVelocity	no
10148	0x6fdbfac0	DATATBLS_SearchRandomTableEntry	PATH_SetMaxVelocity	no
10149	0x6fd6eee0	HasMatchingItemInCodeGroup	PATH_GetMaxVelocity	no
10150	0x6fd8ca20	DRLG_RemoveItemAndFreeRoom	PATH_SetAcceleration	no
10151	0x6fd8d2b0	TEXT_SortListByKey	PATH_GetAcceleration	no
10152	0x6fd73760	SetItemDataByte46	PATH_AllocDynamicPath	no
10153	0x6fd7e6b0	SetItemDataDword0	D2Common_10153	no
10154	0x6fdba650	SetMissilePositionShortX	PATH_GetNumberOfPathPoints	no
10155	0x6fd6dc70	GetStructField04	D2Common_10155	no
10156	0x6fd6e170	GetStatListFlags	PATH_FreeDynamicPath	no
10157	0x6fd6dd40	IGNORELIST_RemoveNode	PATH_GetPathPoints	no
10158	0x6fdb65c0	AddUnitToClassQueue	PATH_GetDirection	no
10159	0x6fd84cb0	SKILLS_ClearSkillNodeFields	PATH_GetNewDirection	no
10160	0x6fd9dbb0	STUB_ReturnTrue	D2COMMON_10160_PathUpdateDirection	no
10161	0x6fd88020	OVERLAY_SetOverlayKey	PATH_SetDirection	no
10162	0x6fd83f20	MISSILES_TestTblMaskField_114	PATH_GetXPosition	no
10163	0x6fd8c520	ITEMS_GetItemRecordFieldE4	PATH_GetYPosition	no
10164	0x6fd8ac90	STAT_InsertOrVerifyStatEntry	PATH_GetClientCoordX	no
10165	0x6fd85080	SetOrCapValue28	PATH_GetClientCoordY	no
10166	0x6fd9d6e0	SetStructField0x14	PATH_GetRoom	no
10167	0x6fd8d0f0	PATH_GetNthTarget	PATH_SetRoom	no
10168	0x6fd84f50	MISSILE_SetClampedSpeedBytes	PATH_GetNextRoom	no
10169	0x6fd7e990	SetStructField7C	PATH_ClearNextRoom	no
10170	0x6fd6df70	GetStatListModChainHead	D2COMMON_10170_PathSetTargetPos	no
10171	0x6fd59dd0	ExtractAndClearValue	PATH_GetTargetTypeAndGUID	no
10172	0x6fd80830	GetUnitEquipSlotCount	PATH_IsCurrentRoomInvalid	no
10173	0x6fd9a450	PROFILE_ResetStatistics	PATH_SetCurrentRoomInvalid	no
10174	0x6fd7d0f0	TestBitInTable	PATH_GetUnusedFlag_0x00004	no
10175	0x6fd7f1b0	GetPathFieldByUnitType	D2COMMON_10175_PathGetFirstPointX	no
10176	0x6fd72bc0	DATATBLS_GetObjectDataField0A	D2COMMON_10176_PathGetFirstPointY	no
10177	0x6fd73850	ValidateStatBitmask144	D2COMMON_10177_PATH_GetLastPointX	no
10178	0x6fdba350	DATATBLS_FreeMissileTypeData	D2COMMON_10178_PATH_GetLastPointY	no
10179	0x6fd9dfd0	SKILLS_GetSkillNodeField0x20	PATH_SetTargetUnit	no
10180	0x6fd7f800	PLAYER_GetDataFieldPair7078	PATH_GetTargetUnit	no
10181	0x6fd7e960	DATATBLS_GetObjectRecordField7C	PATH_GetFootprintCollisionMask	no
10182	0x6fd6a3c0	DATATBLS_StubOrdinal10183	PATH_SetFootprintCollisionMask	no
10183	0x6fdd2ce0	DATATBLS_GetOverlayRecordByte50	PATH_GetMoveTestCollisionMask	no
10184	0x6fd8b650	ROOM_DecRoomRefCount	PATH_SetMoveTestCollisionMask	no
10185	0x6fd750b0	ITEMS_CanItemBeSoldToVendor	PATH_SetType	no
10186	0x6fd890a0	STAT_GetMaxManaStatCost	PATH_ResetToPreviousType	no
10187	0x6fd7eaf0	STAT_GetUnitCalculatedStat	PATH_GetType	no
10188	0x6fd8a7b0	STAT_SetStatValueIfList	PATH_SetNewDistance	no
10189	0x6fd87520	SKILLS_EvaluateSkillElementalCalc	PATH_GetMaxDistance	no
10190	0x6fd83be0	STATS_TestBitfieldTable_D0	D2COMMON_10190_PATH_SetDistance	no
10191	0x6fdba220	GetMissileClassId	D2COMMON_10191_PATH_GetDistance	no
10192	0x6fd7f910	PATH_GetDirectionToCoords	PATH_SetIDAStarInitFScore	no
10193	0x6fd73bc0	UNIT_GetWeaponStyle	D2COMMON_10193_PATH_AdjustDirection	no
10194	0x6fda2e00	GetTableRecord0xC	PATH_GetPrecisionX	no
10195	0x6fd884f0	FindRoomUnitByTypeFlagsValidated	PATH_GetPrecisionY	no
10196	0x6fd8ae60	STATS_FreeUnitStatLists	PATH_SetPrecisionX	no
10197	0x6fd71fe0	GetMissileFieldByIndex	PATH_SetPrecisionY	no
10198	0x6fd83fe0	MISSILES_TestTblMaskField_E4	D2COMMON_10198_PathGetSaveStep	no
10199	0x6fd7f160	PATH_SetPathFieldByUnitType	D2COMMON_10199_PathGetSaveX	no
10200	0x6fd9b840	SetCollisionMaskArea	D2COMMON_10200_PathGetSaveY	no
10201	0x6fd80dc0	SetUnitChangeTracking	D2Common_10201	no
10202	0x6fd73940	TestItemFlags	D2Common_10202	no
10203	0x6fd5ce90	GetPathFlagBit3	D2COMMON_10203_PATH_SetRotateFlag	no
10204	0x6fd8d280	CreatePoolObject	D2COMMON_10204_PATH_ClearPoint2	no
10205	0x6fdbb360	CalcMissileParamB	PATH_SetStepNum	no
10206	0x6fd9e500	DATATBLS_StubNoOp	PATH_GetStepNum	no
10207	0x6fd7d9b0	DRLG_CreateLevel	D2Common_10207	no
10208	0x6fd73450	ITEMS_GetItemTypePropertyByte23	D2COMMON_10208_PathSetPathingFlag	no
10209	0x6fd6dc40	DATATBLS_GetSafeUint	D2COMMON_10209_PathCheckPathingFlag	no
10210	0x6fd83020	UNITS_ResetUnitState	PATH_GetUnitCollisionPattern	no
10211	0x6fd72920	ITEMS_GetItemRecordByte137	PATH_SetUnitCollisionPattern	no
10212	0x6fd81d20	CalculateUnitBlockChance	D2COMMON_10212_PATH_SetMoveFlags	no
10213	0x6fd729a0	ITEMS_GetItemRecordField106	D2Common_10213	no
10214	0x6fd847c0	GetSkillCostArrayInfo	D2Common_10214	no
10215	0x6fdbcc90	DATATBLS_HaveFireResBonus	PATH_ComputeDirection	no
10216	0x6fd7e9e0	GetMonsterDataField8	D2Common_10216	no
10217	0x6fd74c80	INV_CanItemFitInStoragePage	PATH_SetDistance	no
10218	0x6fd73f40	DATATBLS_GetSetItemRecord	PATH_GetDistance	no
10219	0x6fd84670	SetUnitAnimData	PATH_AddToDistance	no
10220	0x6fdc17e0	BINKBUFFER_GetError	PATH_ComputeSquaredDistance	no
10221	0x6fd8b220	STAT_GetStatListFlag4	PATH_AddCollisionFootprintForOptionalUnit	no
10222	0x6fd59c20	GetPointerFromOffset0x20	PATH_AddCollisionFootprintForUnit	no
10223	0x6fd5dce0	PATH_SetPositionAndSnapToGrid	PATH_RemoveCollisionFootprintForUnit	no
10224	0x6fd8c680	ROOM_LookupLogicalRoomAtTile	D2Common_10224	no
10225	0x6fd73e00	IsItemEthereal	D2Common_10225	no
10226	0x6fd83a70	STATS_TestBitfieldTable_144	D2Common_10226	no
10227	0x6fdba130	MISSILE_CheckSourceFieldsMatch	D2Common_10227	no
10228	0x6fd9f200	STAT_GetMaxDirectItemTypeStat	D2Common_10228	no
10229	0x6fd84690	GetByte0x93PlusOne	D2Common_10229	no
10230	0x6fdce480	GetD2comExpFieldDimensions	D2Common_10230	no
10231	0x6fdbb2b0	DATATBLS_EvaluateMissileCalcExpression	D2Common_10231	no
10232	0x6fd9be10	COLLISION_ClearCollisionMask	D2Common_10232	no
10233	0x6fd8bf60	UpdateWeaponCursorAfterRemoval	PATH_RecacheRoomIfNeeded	no
10234	0x6fd7f3e0	UNIT_FreeUnitSubAllocation	D2Common_10234	no
10235	0x6fd95840	ExtractBitFields32	D2Common_10235_PATH_UpdateRiderPath	no
10236	0x6fd84b10	SetStructField00	D2Common_10236	no
10237	0x6fdb03c0	DATATBLS_GetDifficultyLevelsBIN	D2Common_10237	no
10238	0x6fd73330	GetItemRecordFieldC0	D2COMMON_10238_Return	no
10239	0x6fd6a5b0	MONSTER_HasRangedAttack	D2COMMON_10239_Return0	no
10240	0x6fdba2b0	GetMissileRecordByte48	INVENTORY_AllocInventory	no
10241	0x6fdcffb0	DATATBLS_GetLevelRecordByte0x1E	INVENTORY_FreeInventory	no
10242	0x6fdb9dc0	MISSILE_GetMissileStatByLevel	INVENTORY_PlaceItemInSocket	no
10243	0x6fd9df60	DATATBLS_SetItemDataField32	INVENTORY_RemoveItemFromInventory	no
10244	0x6fd76db0	CheckItemEquipRequirements	INVENTORY_CompareWithItemsParentInventory	no
10245	0x6fd8a330	STATLIST_AddStat	INVENTORY_GetFreePosition	no
10246	0x6fd80ac0	UNIT_GetActiveStateLink	INVENTORY_PlaceItemAtFreePosition	no
10247	0x6fd9dc00	StubNoOp	INVENTORY_CanItemBePlaced	no
10248	0x6fdc1820	DATATBLS_GetGlobalRecordById	INVENTORY_CanItemsBeExchanged	no
10249	0x6fdaa810	DATATBLS_GetRandomStringD	INVENTORY_PlaceItemAtInventoryPage	no
10250	0x6fd84ae0	PATH_GetPathX	INVENTORY_Return	no
10251	0x6fd6dfe0	D2Common_Ord10019	D2COMMON_10251_Return	no
10252	0x6fd9dd30	CalcPathBetweenUnits	INVENTORY_GetItemFromInventoryPage	no
10253	0x6fd84770	GetSkillCost	INVENTORY_PlaceItemInBodyLoc	no
10254	0x6fd83e40	MISSILES_TestTblMaskField_134	D2COMMON_10254_Return0	no
10255	0x6fd6a610	DATATBLS_GetMonsterPropBit	INVENTORY_GetSecondWieldingWeapon	no
10256	0x6fdba4b0	ComputeScaledTableValue	INVENTORY_CheckEquipmentForWeaponByClass	no
10257	0x6fd73af0	ITEMS_IsUnitDualWieldClass	INVENTORY_GetItemFromBodyLoc	no
10258	0x6fd7ea70	D2GetObjectFlags	INVENTORY_GetLeftHandWeapon	no
10259	0x6fd848d0	PATH_GetPathCollisionValue	INVENTORY_GetCompositItem	no
10260	0x6fd96770	ITEMS_ProcessCubeRecipeProperties	INVENTORY_GetBodyLocFromEquippedItem	no
10261	0x6fd8a280	STAT_SetStatValue	INVENTORY_SetCursorItem	no
10262	0x6fd8b240	GetStructFieldAt0x10	INVENTORY_GetCursorItem	no
10263	0x6fd83fc0	MISSILES_TestTblMaskField_E8	INVENTORY_FindBackPackItemForStack	no
10264	0x6fd8cd00	ROOM_GetConnectedRoomState	INVENTORY_FindEquippedItemForStack	no
10265	0x6fd7f6a0	ConsumePlayerTargetCoords	INVENTORY_FindFillableBook	no
10266	0x6fd6a2b0	GetBodyLocPropertyByte48	INVENTORY_PlaceItemInBeltSlot	no
10267	0x6fd6df90	StubOrdinal10183	D2COMMON_10267_Return	no
10268	0x6fd6de70	INV_GetItemRecordField13E	INVENTORY_HasSimilarPotionInBelt	no
10269	0x6fdc0f70	StubNoOp	INVENTORY_GetFreeBeltSlot	no
10270	0x6fd68db0	ValidateTableEntryA	INVENTORY_PlaceItemInFreeBeltSlot	no
10271	0x6fd681f0	UNITS_GetField08	INVENTORY_GetItemFromBeltSlot	no
10272	0x6fdaa790	STRING_GetRandomStringD	INVENTORY_GetUseableItemFromBeltSlot	no
10273	0x6fd9e3d0	GetStructField0x04_v2	INVENTORY_GetEquippedShield	no
10274	0x6fdaf260	GetItemIfStatListOwner	INVENTORY_GetEquippedWeapon	no
10275	0x6fd723d0	ITEMS_TestItemRecordBodyLocationFlag	INVENTORY_HasBodyArmorEquipped	no
10276	0x6fd84000	MISSILES_TestTblMaskField_E0	INVENTORY_IsItemBodyLocFree	no
10277	0x6fdb9eb0	MISSILE_GetTargetSpeedFields	INVENTORY_GetFirstItem	no
10278	0x6fd6a720	DATATBLS_GetMonsterLevelTilePropBit7	INVENTORY_GetLastItem	no
10279	0x6fd72a20	DATATBLS_GetItemRecordByte135	INVENTORY_RemoveInventoryItems	no
10280	0x6fd853d0	DATATBLS_ResolveItemCategoryFromTables	INVENTORY_GetTradeInventory	no
10281	0x6fd6fef0	INV_HasItemType3InInventory	INVENTORY_FreeTradeInventory	no
10282	0x6fd84850	GetStructField54	INVENTORY_CheckForItemInTradeInventory	no
10283	0x6fd8c330	GetItemRecordFieldFA	INVENTORY_AddItemToTradeInventory	no
10284	0x6fd6dd20	GetStatListPrevLink	INVENTORY_GetItemCount	no
10285	0x6fda3aa0	ResolveGlobalIndex	INVENTORY_GetBackPackItemByType	no
10286	0x6fd849d0	SetPathTileAndInvalidateRoom	INVENTORY_GetEquippedItemByType	no
10287	0x6fd866f0	ShutdownStubNoOp	INVENTORY_GetEquippedItemByCode	no
10288	0x6fda3360	GetLastError	INVENTORY_GetSetItemEquipCountByFileIndex	no
10289	0x6fd7f7a0	GetPlayerDataFieldPair747C	INVENTORY_UpdateWeaponGUIDOnInsert	no
10290	0x6fd68e30	DATATBLS_GetDualTableRecord0x34_C	INVENTORY_UpdateWeaponGUIDOnRemoval	no
10291	0x6fd74c10	ITEMS_CompareItemBodyTypeByUnit	INVENTORY_GetWieldType	no
10292	0x6fd7e6e0	ExtractAnimFrameDataWithByte5Fallback	INVENTORY_SetOwnerId	no
10293	0x6fdae1c0	DATATBLS_GetCompCodeAtIndex	INVENTORY_GetOwnerId	no
10294	0x6fd87e00	BinkBufferSetHWND	INVENTORY_CreateCorpseForPlayer	no
10295	0x6fdc1660	BINKBUF_GetError	INVENTORY_FreeCorpse	no
10296	0x6fd7ecf0	GetMonsterDataField0	INVENTORY_GetFirstCorpse	no
10297	0x6fda1ff0	SKILLS_CalcSkillMaxDamage	INVENTORY_GetCorpseCount	no
10298	0x6fd6e3e0	GetItemUnitFieldC	INVENTORY_GetItemSaveGfxInfo	no
10299	0x6fdd2e00	DATATBLS_GetMissileRecordByte7C	D2Common_10299	no
10300	0x6fd9a3d0	PROFILE_DumpStatistics	INVENTORY_RemoveAllItems	no
10301	0x6fd62140	ROOM_CollectFilteredRoomUnits	D2COMMON_10301_Return0	no
10302	0x6fda2bc0	SKILLS_UpdateUnitSkillLevel	INVENTORY_CanItemsBeTraded	no
10303	0x6fd9c080	COLLISION_ApplyMaskFlagsToRegion	D2COMMON_10303_Return	no
10304	0x6fd9e2b0	ClearUnitInventoryStats	INVENTORY_GetNextItem	no
10305	0x6fdd4c30	DATATBLS_GetMonsterSkillDescSlotLimit	INVENTORY_UnitIsItem	no
10306	0x6fda05c0	GetEffectiveItemLevel	INVENTORY_GetItemGUID	no
10307	0x6fd87fd0	MONSTER_CheckBitFlag7V2	INVENTORY_GetItemNodePage	no
10308	0x6fd8a600	DATATBLS_GetRandomStringB	D2COMMON_10308_Return	no
10309	0x6fdb7bd0	DATATBLS_InitializeWaypointResourceSlot	D2COMMON_10309_Return0	no
10310	0x6fd8bd60	UpdateEnvironmentAndCheckChanged	INVENTORY_IsItemInInventory	no
10311	0x6fd845e0	STAT_ClampUnitByte	INVENTORY_GetNextNode	no
10312	0x6fd73ac0	ITEMS_SetItemDataField38ByIndex	INVENTORY_GetItemGUIDFromNode	no
10313	0x6fd9f0e0	ApplyUnitItemTypeStatList	INVENTORY_GetNextCorpse	no
10314	0x6fd62330	GetSubStructDimension	INVENTORY_GetUnitGUIDFromCorpse	no
10315	0x6fd842d0	STATS_TestBitfieldTable_C4	D2Common_10315	no
10316	0x6fd7e3e0	DRLG_AllocateActContext	D2Common_10316	no
10317	0x6fda3190	DATATBLS_FindLevelDataRecordById	UNITS_CanSwitchAI	no
10318	0x6fd72690	ITEMS_IsItemNormalDroppable	UNITS_IsInMovingMode	no
10319	0x6fd7d970	SKILLS_GetSkillDescField0x34	UNITS_IsInMovingModeEx	no
10320	0x6fd86710	GetCoordPairFromStruct	UNITS_GetStartSkill	no
10321	0x6fd72f50	ITEMS_GetMissileDataField	UNITS_GetLeftSkill	no
10322	0x6fd7e360	DRLG_GenerateLevelByType	UNITS_GetRightSkill	no
10323	0x6fda1c60	CalcItemDefenseRange	UNITS_GetUsedSkill	no
10324	0x6fd819c0	TestCollisionBetweenUnits	UNITS_SetUsedSkill	no
10325	0x6fd9e0a0	UpdatePlayerSkillAnimDataC	UNITS_SetAnimData	no
10326	0x6fd74bf0	ITEMS_IsItemRecordByte11CSet	;------------------------UNUSED------------------------	no
10327	0x6fd9e300	STAT_MarkStatListForUpdate	UNITS_GetPrecisionX	no
10328	0x6fd75bd0	IsUnitItemAtBaseTier	UNITS_SetXForStaticUnit	no
10329	0x6fdcf670	FreeDungeonLevel	;------------------------UNUSED------------------------	no
10330	0x6fd6d760	MISSILE_InitializeStream	UNITS_GetPrecisionY	no
10331	0x6fd7fe10	HaveLightResBonus	UNITS_SetYForStaticUnit	no
10332	0x6fd72430	DATATBLS_GetItemEquipType	UNITS_GetCoords	no
10333	0x6fd63340	DATATBLS_GetBeltTxtEntry	UNITS_GetClientCoordX	no
10334	0x6fd86230	PATH_UpdateUnitPathToTarget	UNITS_GetClientCoordY	no
10335	0x6fd9f000	UNIT_FreeResourceList	UNITS_GetClientCoords	no
10336	0x6fd85040	ROOM_SetUnitRoom	UNITS_GetUnitSizeX	no
10337	0x6fd87ca0	PATH_InitVelocityFromDirection	UNITS_GetUnitSizeY	no
10338	0x6fd817c0	IsMonsterBitFlag0CSet	UNITS_GetCollisionMask	no
10339	0x6fd9f510	DATATBLS_GetAnimLevelRequirement	UNITS_GetStashGoldLimit	no
10340	0x6fd86650	PATH_AdvanceUnitPath	UNITS_SetTargetX	no
10341	0x6fd84020	MISSILES_TestTblMaskField_D4	UNITS_SetTargetY	no
10342	0x6fd5e230	PATH_StepUnitAlongPath	UNITS_GetRoom	no
10343	0x6fd8a650	STAT_RemoveAllStatsFromSortedList	UNITS_ResetRoom	no
10344	0x6fd62000	FreeTrackedPoolAllocation	UNITS_SetTargetUnitForDynamicUnit	no
10345	0x6fd8b6b0	IncrementStructField28	UNITS_GetTargetTypeFromDynamicUnit	no
10346	0x6fd8bc10	ITEMS_SetItemTypeDataFlagBit22	UNITS_GetTargetGUIDFromDynamicUnit	no
10347	0x6fdba790	MISSILE_GetParamValue	UNITS_SetTargetUnitForPlayerOrMonster	no
10348	0x6fd6dc90	DATATBLS_GetObjectDataPtr	UNITS_ChangeAnimMode	no
10349	0x6fd727c0	GetItemRecordFlagDC	UNITS_SetAnimStartFrame	no
10350	0x6fda01e0	GetItemDefenseMalus	UNITS_InitializeStaticPath	no
10351	0x6fd6dfa0	DATATBLS_StubReturnZero	UNITS_BlockCollisionPath	no
10352	0x6fdc0f40	STUB_NOP	UNITS_FreeCollisionPath	no
10353	0x6fd9dd70	SKILLS_GetSkillNodeField0x30	UNITS_GetNameOffsetFromObject	no
10354	0x6fd87de0	STAT_IsUnitStatListFlag8Set	UNITS_GetRunAndWalkSpeedForPlayer	no
10355	0x6fd83e20	MISSILES_TestTblMaskField_138	UNITS_IsCurrentRoomInvalid	no
10356	0x6fd80970	UNIT_InitializePlayerQuestWaypointData	UNITS_SetCurrentRoomInvalid	no
10357	0x6fd68200	SetMissileTypeDataDword0C	UNITS_RefreshInventory	no
10358	0x6fd87920	ANIM_SetUnitMode	UNITS_GetSkillFromSkillId	no
10359	0x6fd84810	DATATBLS_SetStructByte0x92	UNITS_IsSoftMonster	no
10360	0x6fd76ad0	CanItemDisplayQuantity	UNITS_GetMeleeRange	no
10361	0x6fd84e20	DATATBLS_ShutdownStub	UNITS_IsInMeleeRange	no
10362	0x6fd6b280	ROOM_GetRoomDimensions	UNITS_TestCollisionWithUnit	no
10363	0x6fd8b250	DATATBLS_GetObjectDataPtr	UNITS_TestCollisionBetweenInteractingUnits	no
10364	0x6fd72310	ITEMS_CheckClassRestriction	UNITS_TestCollisionByCoordinates	no
10365	0x6fdc1790	DATATBLS_GetRareAffixRecord	UNITS_GetHitClass	no
10366	0x6fd76080	DATATBLS_GetItemStatCostEntryC2	UNITS_GetWeaponClass	no
10367	0x6fd83a30	STATS_TestBitfieldTable_148	UNITS_GetBeltType	no
10368	0x6fd9e1a0	SKILLS_SetSkillNodeField08	UNITS_GetCurrentLifePercentage	no
10369	0x6fd5d3d0	PATH_HasReachedTarget	UNITS_GetAnimOrSeqMode	no
10370	0x6fd83de0	MISSILES_TestTblMaskField_140	UNITS_SetAnimOrSeqMode	no
10371	0x6fd9e150	GetStructField0x10	UNITS_InitializeSequence	no
10372	0x6fd83d80	MISSILES_TestTblMaskField_14C	UNITS_SetAnimationFrame	no
10373	0x6fdb7c90	DATATBLS_GetWaypointBreakpoint	UNITS_StopSequence	no
10374	0x6fd806d0	PLAYER_UpdateSkillAnimData	UNITS_UpdateFrame	no
10375	0x6fd9dac0	TileToScreenCoordsInPlace	D2COMMON_10375_UNITS_SetFrameNonRate	no
10376	0x6fdbcad0	LEVELS_CheckLevelTypeFlag780	UNITS_UpdateAnimRateAndVelocity	no
10377	0x6fd737e0	ITEMS_SetItemTypeDataQuantity	UNITS_SetAnimationSpeed	no
10378	0x6fd84d10	CompareItemRecordFieldC0	UNITS_IsAtEndOfFrameCycle	no
10379	0x6fd89cc0	STAT_GetStatBonusValueWrapper	UNITS_GetShiftedFrameMetrics	no
10380	0x6fd739e0	ITEMS_GetItemDataField32	UNITS_GetFrameMetrics	no
10381	0x6fd89b60	DATATBLS_ProcessItemStatCostEntries	UNITS_SetAnimActionFrame	no
10382	0x6fd68f60	BINK_GetError	UNITS_GetEventFrameInfo	no
10383	0x6fd8ba20	GetItemDataField38ByIndex	UNITS_ResetLightMap	no
10384	0x6fdb64b0	SortRoomUnitListByPosition	UNITROOM_AddUnitToRoom	no
10385	0x6fd91ef0	GetLogEntryFrameInfo	UNITROOM_RefreshUnit	no
10386	0x6fd72510	ITEMS_SetItemDataField0C	UNITROOM_RemoveUnitFromRoom	no
10387	0x6fd6e710	INV_AllocInventory	UNITROOM_RemoveUnitFromUpdateQueue	no
10388	0x6fd8bb10	DATATBLS_GetOverlayRecordFields	UNITROOM_SortUnitListByTargetY	no
10389	0x6fdcf6a0	DRLG_FindMatchingRoomTile	UNITROOM_IsUnitInRoom	no
10390	0x6fd84990	UNIT_SetGfxSelected	UNITROOM_UpdatePath	no
10391	0x6fd6f6e0	DestroyIgnoreListManager	UNITROOM_ClearUpdateQueue	no
10392	0x6fd848f0	PATH_GetDrlgRoom	UNITS_IsDoor	no
10393	0x6fd72210	PRESET_TransformTileY	UNITS_IsShrine	no
10394	0x6fd73230	ITEMS_GetUltraOrBaseCode	UNITS_GetObjectTxtRecordFromObject	no
10395	0x6fd73050	ITEMS_GetItemRecordFieldFD	UNITS_GetShrineTxtRecordFromObject	no
10396	0x6fd87400	UNIT_GetUnitDataAtOffset04	UNITS_SetShrineTxtRecordInObjectData	no
10397	0x6fd9de40	GetUnitFlags	UNITS_GetDistanceToOtherUnit	no
10398	0x6fd7f1e0	ConsumeAndClearField64	UNITS_GetDistanceToCoordinates	no
10399	0x6fdae810	DATATBLS_GetExperienceLevelForDifficulty	D2Common_10399	no
10400	0x6fd9e630	DATATBLS_GetGlobalTableEntry	UNITS_IsInRange	no
10401	0x6fd8cca0	DRLG_InitializeSubStructBounds	UNITFINDS_InitializeUnitFindData	no
10402	0x6fd83f80	MISSILES_TestTblMaskField_F0	UNITFINDS_FreeUnitFindData	no
10403	0x6fd8e910	GetDataRecordStrideB8	UNITFINDS_FindAllMatchingUnitsInNeighboredRooms	no
10404	0x6fd83f00	MISSILES_TestTblMaskField_118	UNITFINDS_TestUnit	no
10405	0x6fd717f0	INV_HandleSavedUnitItemState	UNITFINDS_GetTestedUnitsFromRoom	no
10406	0x6fd93c30	COF_BuildCofPathString	D2Common_10406	no
10407	0x6fdcfcd0	UNIT_GetDistance	D2Common_10407	no
10408	0x6fd818c0	COLLISION_ApplyUnitSizedCollision	UNITFINDS_AreUnitsInNeighboredRooms	no
10409	0x6fd8b350	UNIT_IncrementSequenceCounter	UNITS_GetInventoryRecordId	no
10410	0x6fd801d0	CalcAbsUnitXDifference	UNITS_HasCollision	no
10411	0x6fd73c10	GetItemLevelDataPtr	UNITS_GetAbsoluteXDistance	no
10412	0x6fd88000	STAT_GetStatListOwnerId	UNITS_GetAbsoluteYDistance	no
10413	0x6fdbbaa0	MISSILE_CalcMissileDamageOutput	UNITS_UpdateDirectionAndSpeed	no
10414	0x6fd73b70	ITEMS_SetItemDataDword10	UNITS_GetNewDirection	no
10415	0x6fdce410	DATATBLS_AllocateFieldTableBuffer	UNITS_StoreOwner	no
10416	0x6fd8b230	VectorPushElement	UNITS_StoreOwnerTypeAndGUID	no
10417	0x6fd73c50	ITEMS_GetItemDataByte44	UNITS_StoreLastAttacker	no
10418	0x6fda2ae0	SKILLS_ApplyAllSkillItemBonuses	UNITS_GetDirectionToCoords	no
10419	0x6fd7dd80	DRLG_GetItemRecordField13EByUnit	UNITS_SetInteractData	no
10420	0x6fd80e20	UNIT_SetUnitActionTarget	UNITS_AllocPlayerData	no
10421	0x6fd7e940	UNITS_GetGraphicsModeField0	UNITS_FreePlayerData	no
10422	0x6fd68260	FreePoolMemory	UNITS_SetNameInPlayerData	no
10423	0x6fd7e020	FreeDrlgStructure	UNITS_GetPlayerName	no
10424	0x6fd84d00	UNITS_GetUnitStat84	UNITS_GetPlayerData	no
10425	0x6fd85270	SKILLS_GetActiveSkillField8	UNITS_SetPlayerPortalFlags	no
10426	0x6fd7ef30	IsMonsterInDeathState	UNITS_GetPlayerPortalFlags	no
10427	0x6fda30f0	DATATBLS_FindHirelingRecord	UNITS_GetObjectPortalFlags	no
10428	0x6fd73ce0	DATATBLS_EvaluateCalcExpression	UNITS_SetObjectPortalFlags	no
10429	0x6fd8b040	DRLG_GetConnectedRoomValues	UNITS_CheckObjectPortalFlag	no
10430	0x6fd735d0	DATATBLS_GetItemTypeFieldE	UNITS_GetOverlayHeight	no
10431	0x6fd941e0	GetUnitWeaponAnimToken	UNITS_GetDefense	no
10432	0x6fd747c0	ITEMS_GetUnitItemRecordField	UNITS_GetAttackRate	no
10433	0x6fd73990	ITEMS_GetItemDataField34	UNITS_GetBlockRate	no
10434	0x6fd817f0	UNITS_SetDirectionTowardTile	D2Common_10434	no
10435	0x6fda1b80	DATATBLS_EvaluateSkillCalcExpr	UNITS_GetEquippedWeaponFromMonster	no
10436	0x6fdb7e50	DATATBLS_TryGetSkillRecordOverlay	UNITS_GetFrameBonus	no
10437	0x6fd68250	PATH_GetOriginX	UNITS_SetOverlay	no
10438	0x6fd724c0	ITEMS_GetItemDataField	UNITS_GetHealingCost	no
10439	0x6fd745c0	ITEMS_CheckIsQuestType	UNITS_GetInventoryGoldLimit	no
10440	0x6fdba110	MISSILE_SetMissileTypeDataShort04	UNITS_MergeDualWieldWeaponStatLists	no
10441	0x6fd80b40	DATATBLS_SetClampedShortField4C	D2COMMON_10441_Return	no
10442	0x6fdc19f0	DATATBLS_GetItemTypeCodeByIndex	UNITS_GetItemComponentId	no
10443	0x6fd84de0	DATATBLS_ShutdownStubNoOp	UNITS_InitRightSkill	no
10444	0x6fda0150	DATATBLS_GetUnitItemField	UNITS_InitLeftSkill	no
10445	0x6fd7f410	UNIT_AllocateUnitSubResource	UNITS_InitSwitchRightSkill	no
10446	0x6fd843e0	MISSILE_GetRemainingFrames	UNITS_InitSwitchLeftSkill	no
10447	0x6fd87a20	AdvanceEnvironmentDirection	UNITS_GetRightSkillData	no
10448	0x6fd7c990	DATATBLS_CalcCubicValue	UNITS_GetLeftSkillData	no
10449	0x6fd96330	DecodePackedPositionDelta	UNITS_GetSwitchRightSkillDataResetRightSkill	no
10450	0x6fdc1960	ITEMS_LookupItemRecordByCode	UNITS_GetSwitchLeftSkillDataResetLeftSkill	no
10451	0x6fd84a00	ClearField0x20	UNITS_GetSwitchLeftSkillData	no
10452	0x6fd84c50	UNIT_GetSeedHigh	UNITS_GetSwitchRightSkillData	no
10453	0x6fda3050	STAT_GetStatListOwnerId	UNITS_SetSwitchLeftSkill	no
10454	0x6fd68280	CHAT_AllocResourceSlot	UNITS_SetSwitchRightSkill	no
10455	0x6fd6e5b0	INV_FindIdenticalItemInInventory	UNITS_SetWeaponGUID	no
10456	0x6fd9dcf0	DATATBLS_CalcDiminishingReturnPercent	UNITS_GetWeaponGUID	no
10457	0x6fd71420	ITEMS_RebuildEquippedVisualComponents	UNITS_GetDirection	no
10458	0x6fd7ccc0	RollRandomHirelingStats	UNITS_SetTimerArg	no
10459	0x6fd7d2c0	UNIT_GetUnitMoveType	UNITS_GetTimerArg	no
10460	0x6fd6e190	INVENTORY_GetFieldC	UNITS_AllocStaticPath	no
10461	0x6fd95e50	ITEMS_IsItemTypeAllowed	UNITS_FreeStaticPath	no
10462	0x6fd849c0	GetUnitFlag2	UNITS_CanDualWield	no
10463	0x6fd760f0	DATATBLS_GetItemStatValueCapped	STATLIST_SetStat	no
10464	0x6fd6e8f0	ITEMS_GetItemDataField64	STATLIST_AddStat	no
10465	0x6fd8e960	DATATBLS_GetObjGroupRecord	STATLIST_SetStatIfListIsValid	no
10466	0x6fd71790	STAT_SetCursorItem	STATLIST_GetStatValue	no
10467	0x6fd73690	ITEMS_SetItemDataByte0x48	D2Common_10467	no
10468	0x6fd9c990	COLLISION_SetFlagAtCoords	STATLIST_RemoveAllStats	no
10469	0x6fdbc230	StubOrdinal10183	D2Common_10469	no
10470	0x6fd68e90	MONSTER_GetDualCompositModeRecord	STATLIST_AllocStatList	no
10471	0x6fd848a0	STAT_GetUnitStatList	STATLIST_GetOwnerType	no
10472	0x6fd7f720	ConsumePlayerFieldPair8088	STATLIST_GetOwnerGUID	no
10473	0x6fd88080	GetObjectDataPtr	D2COMMON_10473	no
10474	0x6fd9d8e0	TransformIsometricCoords	D2Common_10474	no
10475	0x6fd6e630	DATATBLS_HaveFireResBonus	D2COMMON_10475_PostStatToStatList	no
10476	0x6fd8c020	ROOM_CanItemBeRepaired	D2COMMON_10476	no
10477	0x6fd84720	GetSkillCostHighShort	STATLIST_SetStatRemoveCallback	no
10478	0x6fd72c80	DATATBLS_AppendInventoryRecord	STATLIST_SetState	no
10479	0x6fd9f160	FindUnitInRoomsByTypeAndId	STATLIST_GetState	no
10480	0x6fdc1520	GetBinkBufferError	STATLIST_GetStatListFromUnitAndState	no
10481	0x6fd7fe70	ClearUnitPathTarget	STATLIST_GetStatListFromUnitAndFlag	no
10482	0x6fd9c9d0	COLLISION_GetCollisionFlagAtPosition	STATLIST_GetStatListFromFlag	no
10483	0x6fda1ed0	STATS_CleanupUnitLinkedItems	STATLIST_GetStatListFromUnitStateOrFlag	no
10484	0x6fdbb4a0	ApplyMissileStatBlock	STATLIST_GetStatListFromUnitStateAndFlag	no
10485	0x6fd8d380	TEXT_ImportTextListFromPackedArray	STATLIST_FreeStatList	no
10486	0x6fd6dc00	StubOrdinal10183	STATES_ToggleState	no
10487	0x6fd95760	ComputeScaledAttribute	STATES_CheckState	no
10488	0x6fd84d40	PATH_SetPathFieldWithModeReset	STATES_ToggleGfxStateFlag	no
10489	0x6fd70b50	CanItemFitInEquipSlot	STATES_CheckGfxStateFlag	no
10490	0x6fdbc210	BinkBufferSetHWND	STATES_IsAnyGfxStateFlagSet	no
10491	0x6fdd4b40	DATATBLS_GetSkillDescSlotEntry	STATES_ClearGfxStateFlags	no
10492	0x6fdc1870	BINKBUFFER_GetError	STATES_GetGfxStateFlags	no
10493	0x6fd5d180	MISSILE_CalcProximityScore	STATES_UpdateStayDeathFlags	no
10494	0x6fd83cd0	STAT_TestUnitTypeStatFlag	D2COMMON_10494_STATES_GetStatFlags	no
10495	0x6fd7d020	QUEST_ClearQuestBitRange	STATES_GetNumberOfStateFlags	no
10496	0x6fd59de0	DRLG_CopyPresetDataArray	STATES_CheckStateMaskAuraByStateId	no
10497	0x6fd9eba0	IsUnitAutoMapStateRevealed	STATES_CheckStateMaskCurseByStateId	no
10498	0x6fd85210	PATH_ResolvePathModeAfterStep	STATES_CheckStateMaskCurableByStateId	no
10499	0x6fdbcc30	HaveColdResBonus	;------------------------UNUSED------------------------	no
10500	0x6fd80160	GetUnitYDistance	STATES_CheckStateMaskPgsvByStateId	no
10501	0x6fd9ff80	MONSOUND_TestFlagByCode	STATES_UpdatePgsvFlags	no
10502	0x6fdb7fb0	GetNestedDataField10	STATES_CheckStateMaskActiveOnUnit	no
10503	0x6fd72170	DATATBLS_SetMissileParam	STATES_CheckStateMaskAuraOnUnit	no
10504	0x6fd82040	STAT_GetCombinedStatRating	;------------------------UNUSED------------------------	no
10505	0x6fd85cd0	UNIT_ClearUnitCollisionIfPathExists	;------------------------UNUSED------------------------	no
10506	0x6fda29e0	SKILLS_InitializeUnitSkills	;------------------------UNUSED------------------------	no
10507	0x6fd80420	STAT_GetActiveSkillFieldC	;------------------------UNUSED------------------------	no
10508	0x6fd6de90	GetInventoryField28	;------------------------UNUSED------------------------	no
10509	0x6fd9d840	PATH_ImportFromPackedArray	;------------------------UNUSED------------------------	no
10510	0x6fd9e900	DATATBLS_GetItemTypeFieldC	;------------------------UNUSED------------------------	no
10511	0x6fd803a0	GetSkillDataNodeField10	STATLIST_FreeModStats	no
10512	0x6fd9da40	ROOM_GameToRoomCoords	D2Common_10512	no
10513	0x6fd86730	GetItemRandSeed	D2Common_10513	no
10514	0x6fd9dbf0	StubNoOp	STATLIST_ClampStaminaManaHP	no
10515	0x6fd87d30	PATH_GetPathTargetUnit	STATLIST_DeactivateTemporaryStates	no
10516	0x6fd74210	IsItemQualityMagicOrAbove	STATLIST_UpdateStatListsExpiration	no
10517	0x6fd74500	FindAutoMapCellEntry	STATLIST_SetUnitStat	no
10518	0x6fd8b080	DATATBLS_GetInventoryRecord788Field	STATLIST_AddUnitStat	no
10519	0x6fd745d0	ITEMS_GetItemRecordField13E	STATLIST_UnitGetStatValue	no
10520	0x6fd846f0	SetSkillRecordDisabledFlag	STATLIST_UnitGetItemStatOrSkillStatValue	no
10521	0x6fd9e510	UNIT_GetUnitX	STATLIST_GetUnitBaseStat	no
10522	0x6fdcfbd0	DATATBLS_CompareStateFlagsBuffers	STATLIST_GetUnitStatBonus	no
10523	0x6fd743b0	DATATBLS_GetItemTypeField9IfStorable	STATLIST_MergeStatLists	no
10524	0x6fd83ba0	STATS_TestBitfieldTable_DC	STATLIST_ExpireUnitStatlist	no
10525	0x6fd73a10	ITEMS_SetItemDataShortByIndex	D2Common_10525	no
10526	0x6fdb9f10	MISSILE_SetMissileSourceData	STATLIST_AllocStatListEx	no
10527	0x6fd84880	UNIT_SetStructByte0x90	STATLIST_FreeStatListEx	no
10528	0x6fd84b20	GetStructField0x04	STATLIST_SetExpireFrame	no
10529	0x6fd8bf20	DATATBLS_GetBinkBufferErrorCode	STATLIST_GetExpireFrame	no
10530	0x6fd731e0	GetItemRecordBodyLoc	D2COMMON_10530_D2CheckStatlistFlagDMGRed	no
10531	0x6fdb6800	ROOM_AddUnitToRoom	D2Common_10531_SetStatInStatListLayer0	no
10532	0x6fdba3e0	DATATBLS_CalculateMissileParam	STATLIST_GetTotalStatValue_Layer0	no
10533	0x6fd5e1e0	COLLISION_HandleTeleport	STATLIST_RemoveAllStatsFromOverlay	no
10534	0x6fdba290	GetMonsterDataField0E	D2Common_10534	no
10535	0x6fdc1a40	BINKBUFFER_GetError	STATLIST_GetOwner	no
10536	0x6fd725f0	SetItemProperty	STATES_CheckStateMaskBlueOnUnit	no
10537	0x6fd9e240	SKILLS_GetSkillNodeField	STATES_CheckStateMaskAttBlueOnUnit	no
10538	0x6fda3800	SKILLS_SetRecordShort0x32	STATES_CheckStateMaskDamBlueOnUnit	no
10539	0x6fd7e9d0	DATATBLS_StubOrdinal10183	STATES_CheckStateMaskArmBlueOnUnit	no
10540	0x6fd72260	PLAYER_ScaleValueByPlayerClassAlt	STATES_CheckStateMaskRFBlueOnUnit	no
10541	0x6fd83d60	MISSILES_TestTblMaskField_150	STATES_CheckStateMaskRCBlueOnUnit	no
10542	0x6fd7f0c0	SetSkillDataHighField38	STATES_CheckStateMaskRLBlueOnUnit	no
10543	0x6fd74eb0	DATATBLS_GetItemTypeEquiv1	STATES_CheckStateMaskRPBlueOnUnit	no
10544	0x6fd8bb50	DATATBLS_GetNestedStructValues	STATES_CheckStateMaskAttRedOnUnit	no
10545	0x6fd6df20	STAT_FreeStatListModChain	STATES_CheckStateMaskDamRedOnUnit	no
10546	0x6fd9ed60	DATATBLS_GetItemDataRecordKey	STATES_CheckStateMaskArmRedOnUnit	no
10547	0x6fd8c570	GetGraphicsModeField8	STATES_CheckStateMaskRFRedOnUnit	no
10548	0x6fd9e7a0	CheckAndGetBeltSlotItem	STATES_CheckStateMaskRCRedOnUnit	no
10549	0x6fd9e2e0	DATATBLS_GetNestedField0xA8x14	STATES_CheckStateMaskRLRedOnUnit	no
10550	0x6fd73d70	DATATBLS_GetItemPropertyRecord0x94	STATES_CheckStateMaskRPRedOnUnit	no
10551	0x6fd8a710	STATS_AddStatToUnitIfNonZero	STATES_IsUnitShapeShifted	no
10552	0x6fd9bfc0	COLLISION_SetCollisionMask	STATES_CheckStateMaskExpOnUnit	no
10553	0x6fd72ec0	ITEMS_CompareItemRecordBodyType	STATES_CheckStateMaskExpByStateId	no
10554	0x6fd9df20	COLLISION_SetStructField0x1Cv2	STATES_CheckStateMaskStayDeathOnUnitByStateId	no
10555	0x6fd87d50	STATLIST_GetRoom	STATES_CheckStateMaskShatterOnUnit	no
10556	0x6fd73360	DATATBLS_GetItemTypePropertyByte16	STATES_CheckStateMaskShatterByStateId	no
10557	0x6fdb9e70	DATATBLS_GetMissileParamByte	STATES_CheckStateMaskHideOnUnit	no
10558	0x6fdba710	MISSILE_SetRemainingFrames	STATES_CheckStateMaskHideByStateId	no
10559	0x6fd84c80	SetUnitFlag0x20	STATES_CheckStateMaskLifeOnUnit	no
10560	0x6fdc4000	ITEMS_FindQualityRecord	STATES_CheckStateMaskUdeadOnUnit	no
10561	0x6fd8ba60	UNIT_CopyPathBlock	STATES_CheckStateMaskGreenOnUnit	no
10562	0x6fd8c2f0	ROOM_ProcessLightingAtPosition	STATLIST_GetUnitAlignment	no
10563	0x6fdad750	SetUnitAllocatedFlag	STATLIST_AreUnitsAligned	no
10564	0x6fd6dc30	StubOrdinal10183	STATLIST_GetMaxLifeFromUnit	no
10565	0x6fd9be90	ROOM_ApplyTileAttributePattern	STATLIST_GetMaxManaFromUnit	no
10566	0x6fda1870	FindValidAbilityPosition	STATLIST_GetMaxStaminaFromUnit	no
10567	0x6fda2100	SKILLS_CalcSkillMinDamage	STATLIST_GetMaxDurabilityFromUnit	no
10568	0x6fd9f780	SKILLS_LookupSkillIndex	STATLIST_GetMaxDamageFromUnit	no
10569	0x6fd7eec0	ITEMS_GetQualityFrameValues	STATLIST_GetMinDamageFromUnit	no
10570	0x6fd62c00	LOG_WriteDebugLogEntry	STATLIST_GetMaxThrowDamageFromUnit	no
10571	0x6fd72cd0	ITEMS_AreItemsInSameCodeGroup	STATLIST_GetMinThrowDamageFromUnit	no
10572	0x6fd72590	ITEMS_GetItemDynPathData	STATLIST_GetDefenseFromUnit	no
10573	0x6fd9ce00	GetCollisionMaskFlags	STATLIST_MergeBaseStats	no
10574	0x6fd7fed0	InitSubStructBounds	D2Common_10574	no
10575	0x6fd84b00	SetStructField0x04	DATATBLS_UnloadAllBins	no
10576	0x6fd83d40	MISSILES_TestTblMaskField_154	DATATBLS_LoadAllTxts	no
10577	0x6fd7e900	UNITS_GetGraphicsModeField8	;------------------------UNUSED------------------------	no
10578	0x6fd89050	GetMaxStaminaStatCost	DATATBLS_CompileTxt	no
10579	0x6fd7cf40	SKILLS_EvalElementalCalc	DATATBLS_UnloadBin	no
10580	0x6fd880c0	IsRoomFieldAboveThreshold	DATATBLS_WriteBinFile	no
10581	0x6fd6a770	SKILLS_ResolveItemCodeOverride	;------------------------UNUSED------------------------	no
10582	0x6fda43c0	DATATBLS_GetSetItemRecord	;------------------------UNUSED------------------------	no
10583	0x6fd88e80	DATATBLS_GetStatFromISC	DATATBLS_GetHirelingTxtRecordFromIdAndLevel	no
10584	0x6fd7fb60	ResolveMonsterSpecialMissileParams	DATATBLS_GetNextHirelingTxtRecordFromActAndDifficulty	no
10585	0x6fd8b1e0	DUNGEON_GetTownLevelIdFromActNo	DATATBLS_GetNextHirelingTxtRecordFromNameId	no
10586	0x6fd9f390	ITEMS_SetUnitAllocatedFlag	DATATBLS_GetNextHirelingTxtRecordFromClassId	no
10587	0x6fd88c20	DATATBLS_GetCursorItemStatCost	DATATBLS_GetNextHirelingTxtRecordFromVendorIdAndDifficulty	no
10588	0x6fd736b0	ITEMS_GetItemDataByte48	DATATBLS_GetNpcTxtRecord	no
10589	0x6fd80f80	COLLISION_GetUnitSize	;------------------------UNUSED------------------------	no
10590	0x6fd83b00	STATS_TestBitfieldTable_FC	DATATBLS_GetMissileVelocityFromMissilesTxt	no
10591	0x6fd62030	UNIT_InitUnitFindCtx	;------------------------UNUSED------------------------	no
10592	0x6fd767f0	GetItemAnimationDivisor	DATATBLS_GetMonsterChainInfo	no
10593	0x6fd7d070	ClearMatrixBit	DATATBLS_GetCharstatsTxtTable	no
10594	0x6fd81000	UNIT_CheckUnitCollisionOverlap	;------------------------UNUSED------------------------	no
10595	0x6fd835f0	UNIT_ApplyAnimationModeTransition	;------------------------UNUSED------------------------	no
10596	0x6fd7fcc0	GetUnitRunningFlag	DATATBLS_GetArenaTxtRecord	no
10597	0x6fd88dc0	DATATBLS_GetUnitBaseStatLegacy	DATATBLS_MapOldItemIndexToCurrent	no
10598	0x6fd7ee10	SetAnimEventFromFrameData	;------------------------UNUSED------------------------	no
10599	0x6fd7a3d0	ITEMS_SetItemInventoryDisplayTier	DATATBLS_GetItemDataTables	no
10600	0x6fd7c910	DATATBLS_GetDataTablePropertyStat	DATATBLS_GetItemsTxtRecord	no
10601	0x6fd9e1d0	DATATBLS_GetItemDataByCode	DATATBLS_GetItemRecordFromItemCode	no
10602	0x6fd72a70	ITEMS_GetItemRecordFlagDCBit3	DATATBLS_GetItemIdFromItemCode	no
10603	0x6fd84d70	COLLISION_ClearCollisionMask	DATATBLS_GetMagicAffixDataTables	no
10604	0x6fd85b00	CalcIsometricScreenCoords	DATATBLS_GetMagicAffixTxtRecord	no
10605	0x6fd70490	GetEquippedWeaponByBodyLoc	DATATBLS_GetRareAffixDataTables	no
10606	0x6fd7ca10	DATATBLS_GenerateRandomComposition	DATATBLS_GetRareAffixTxtRecord	no
10607	0x6fd74ff0	CheckUnitChargedSkillStatus	;------------------------UNUSED------------------------	no
10608	0x6fd6dfd0	Ordinal10183	;------------------------UNUSED------------------------	no
10609	0x6fd7ee60	ROOM_GetStoragePageDimensions6FD7EE60	;------------------------UNUSED------------------------	no
10610	0x6fd8bc80	DRLG_AllocateGameResultsBuffer	;------------------------UNUSED------------------------	no
10611	0x6fd739c0	ITEMS_SetItemDataField32	DATATBLS_GetQualityItemDataTables	no
10612	0x6fd68210	PATH_GetDynamicX	DATATBLS_GetQualityItemsTxtRecord	no
10613	0x6fd8b0a0	GetStructField8	DATATBLS_GetLowQualityItemDataTables	no
10614	0x6fd86740	InitRngSeed	DATATBLS_GetLowQualityItemsTxtRecord	no
10615	0x6fd87e20	UNIT_GetUnitX	DATATBLS_GetGemDataTables	no
10616	0x6fd84cd0	GetUnitField88	DATATBLS_GetGemsTxtRecord	no
10617	0x6fd72380	DATATBLS_GetItemDataByte	DATATBLS_GetBookDataTables	no
10618	0x6fd6a2c0	DATATBLS_GetBodyLocationProperty	DATATBLS_GetBooksTxtRecord	no
10619	0x6fd8d060	SKILLS_GetSkillDataRecord	DATATBLS_GetRuneDataTables	no
10620	0x6fd72640	GetItemProperty	DATATBLS_GetRunesTxtRecord	no
10621	0x6fd81ea0	STAT_CalcCombatBonus	DATATBLS_AddOrChangeRunesTxtRecord	no
10622	0x6fd8cc40	ROOM_TransferLayerReference	DATATBLS_GetItemRatioDataTables	no
10623	0x6fdba330	MISSILE_GetTypeDataDword14	DATATBLS_GetItemRatioTxtRecord	no
10624	0x6fd74b20	ITEMS_CanItemBeGroupMatched	DATATBLS_GetShrinesTxtRecord	no
10625	0x6fd84060	MISSILES_TestTblMaskField_D0	DATATBLS_GetShrinesTxtRecordCount	no
10626	0x6fdcf910	COLLISION_FindNearUnitBySize	DATATBLS_GetObjectsTxtRecord	no
10627	0x6fd84150	STATS_PartitionStateFlags	DATATBLS_GetObjGroupTxtRecord	no
10628	0x6fd7ffe0	UNIT_GetPositionFromPath	DATATBLS_GetLevelThreshold	no
10629	0x6fdbca70	DATATBLS_GetLevelTypeString	DATATBLS_GetMaxLevel	no
10630	0x6fd9f070	SKILLS_ExportFindBestSkillByType	DATATBLS_GetCurrentLevelFromExp	no
10631	0x6fd9dfa0	GetSkillNodeField0x24	DATATBLS_GetLevelsTxtRecord	no
10632	0x6fdd2e80	UnpackAnimComponentFields	DATATBLS_GetRainFromLevelsTxt	no
10633	0x6fd8c280	RemoveAllItemsFromInventory	DATATBLS_GetMudFromLevelsTxt	no
10634	0x6fda3420	DATATBLS_GetItemRecordByIndex	DATATBLS_GetNoPerFromLevelsTxt	no
10635	0x6fd6dc50	SKILLS_GetSkillNodeField08Safe	DATATBLS_GetInventoryRect	no
10636	0x6fd8c6a0	ROOM_GetLevelColorBytesWrapper	DATATBLS_GetInventoryGridInfo	no
10637	0x6fdb9fb0	UNIT_SetMonsterDataField28	DATATBLS_GetInventoryComponentGrid	no
10638	0x6fdce390	SetAnimFieldPair	DATATBLS_GetBeltsTxtRecord	no
10639	0x6fda0ce0	CalcPlayerAttackFrames	DATATBLS_GetInvRectFromBeltsTxt	no
10640	0x6fd73e30	INV_CountFilledSockets	DATATBLS_UnitAnimInfoDebugSet	no
10641	0x6fd81b90	FindBestEquippedWeapon	DATATBLS_GetAnimDataInfo	no
10642	0x6fd6dee0	INV_IsItemTypeInInventory	DATATBLS_SetVelocityInMonStatsTxtRecord	no
10643	0x6fd70fd0	FindNextIdenticalItemAboveStat	DATATBLS_GetPlrMode_TypeDataTables	no
10644	0x6fd9dc10	StubReturnZero	DATATBLS_GetMonModeDataTables	no
10645	0x6fd80600	UpdatePlayerSourceFromSkill	DATATBLS_GetObjMode_TypeDataTables	no
10646	0x6fd71b00	INVENTORY_RemoveItemIfOwnedByUnit	DATATBLS_GetPlrModeTypeTxtRecord	no
10647	0x6fd84f80	PATH_SetPathMode	DATATBLS_GetMonModeTxtRecord	no
10648	0x6fd6a520	MONSTER_IsNeutralMode	DATATBLS_GetObjModeTypeTxtRecord	no
10649	0x6fd9e000	GetUnitSeed	DATATBLS_GetCompositTxtRecord	no
10650	0x6fdb68a0	DATATBLS_ResetUnitPathOrRemoveFromList	DATATBLS_GetArmTypeTxtRecord	no
10651	0x6fd80290	PATH_GetUnitPathCoordX	DATATBLS_RollRandomUniqueTitleString	no
10652	0x6fdba2f0	MISSILE_SetDataField0C	DATATBLS_RollRandomUniquePrefixString	no
10653	0x6fd9ea50	SKILLS_EvalSkillCalc	DATATBLS_RollRandomUniqueSuffixString	no
10654	0x6fd9d7e0	PATH_FindNearestWalkablePosition	DATATBLS_RollRandomUniqueAppellationString	no
10655	0x6fd71ee0	INVENTORY_PlaceItemInBeltSlot	DATATBLS_GetDifficultyLevelsTxtRecord	no
10656	0x6fd8aab0	STAT_ToggleModifierActive	DATATBLS_ShouldNeverCallInExpansion	no
10657	0x6fd73610	DATATBLS_GetItemTypeProximityDistance	;------------------------UNUSED------------------------	no
10658	0x6fd883c0	DATATBLS_CopyItemOverlayArrayEntries	DATATBLS_GetTreasureClassExRecordFromName	no
10659	0x6fd68f70	BinkBufferGetError	DATATBLS_GetTreasureClassExRecordFromIdAndLevel	no
10660	0x6fd8d450	FreeLinkedResourceList	DATATBLS_GetTreasureClassExRecordFromActAndDifficulty	no
10661	0x6fd74240	ITEMS_GetBodyLocation	D2COMMON_10661_Return0	no
10662	0x6fd8c7e0	ROOM_CountVisibleRooms	DATATBLS_GetMonItemPercentDataTables	no
10663	0x6fd804e0	PATH_GetUnitPathModeByte	DATATBLS_GetMonItemPercentTxtRecord	no
10664	0x6fd732e0	ITEMS_GetUnitItemField0xC4	DATATBLS_GetCharTemplateTxtRecordCount	no
10665	0x6fd95990	ITEMS_ExecuteProperty	DATATBLS_GetCharTemplateTxtRecord	no
10666	0x6fdd4d30	AreUnitsInSameModifierTier	DATATBLS_GetClassFromCharTemplateTxtRecord	no
10667	0x6fd8c640	GetSortedRoomUnitListHead	DATATBLS_UNUSED_Return0	no
10668	0x6fd6ed00	INV_FindInventoryItemByCode	DATATBLS_GetSuperUniquesTxtRecord	no
10669	0x6fd7fd50	PATH_GetPathTargetField60	;------------------------UNUSED------------------------	no
10670	0x6fdb08d0	DATATBLS_GetItemQualityBracket	;------------------------UNUSED------------------------	no
10671	0x6fd845b0	SetPathCollisionField	DATATBLS_GetGambleDataTables	no
10672	0x6fd82890	STATS_CalculateTotalDefenseRating	;------------------------UNUSED------------------------	no
10673	0x6fd93710	DATATBLS_GetOverlayRecordByte50	;------------------------UNUSED------------------------	no
10674	0x6fdbc240	STUB_Ordinal10183	DATATBLS_GetFramesFromOverlayTxt	no
10675	0x6fd6b880	STORM_GetLastError	DATABLS_GetPreDrawFromOverlayTxt	no
10676	0x6fda3220	DATATBLS_FindHirelingDataByRange	DATATBLS_GetOffsetXFromOverlayTxt	no
10677	0x6fdba050	GetMissileRecordField94	DATATBLS_GetOffsetYFromOverlayTxt	no
10678	0x6fda0090	DATATBLS_GetLinkedDataFirstValue	DATATBLS_GetTransFromOverlayTxt	no
10679	0x6fd73be0	InitItemDataFields4_8	DATATBLS_GetRadiusAndColorFromOverlayTxt	no
10680	0x6fd89140	GetStatCostTableValue	DATATBLS_Get1OfNFromOverlayTxt	no
10681	0x6fdb6410	DATATBLS_RemoveUnitFromClassDataList	DATATBLS_GetDirFromOverlayTxt	no
10682	0x6fd95780	DATATBLS_GetItemTypeDataFlags14	DATATBLS_GetMonSeqTxtRecordFromUnit	no
10683	0x6fd83b80	GetUnitClassFlagBit3	DATATBLS_GetSeqFramePointsCount	no
10684	0x6fd96920	STAT_RollAndSetUnitStat47	DATATBLS_GetSeqFrameCount	no
10685	0x6fd8bda0	ROOM_IsAutoMapRevealed	DATATBLS_ComputeSequenceAnimation	no
10686	0x6fd815e0	PATH_CalcPathToCoords	DATATBLS_GetSequenceEvent	no
10687	0x6fd84a30	STATLIST_GetRoom	ITEMS_AllocItemData	no
10688	0x6fd8e980	GetAnimSequenceRecord	ITEMS_FreeItemData	no
10689	0x6fd82c10	STAT_EnsureUnitItemTypeStat	ITEMS_GetBodyLocation	no
10690	0x6fd84a90	DRLG_GetDropRoom	ITEMS_SetBodyLocation	no
10691	0x6fd6dec0	GetStructField0x04	ITEMS_GetItemSeed	no
10692	0x6fd84dc0	FreeResourceBuffer	ITEMS_InitItemSeed	no
10693	0x6fdd2ec0	DATATBLS_GetMissileRecordByte48	ITEMS_GetItemStartSeed	no
10694	0x6fd6fc70	UpdateBodyLocLinkedUnit	ITEMS_SetItemStartSeed	no
10695	0x6fdc19a0	GetItemDataRecord	ITEMS_GetItemQuality	no
10696	0x6fd72f20	ITEMS_GetItemRecordField104	ITEMS_SetItemQuality	no
10697	0x6fd8aed0	STAT_FreeUnitStatList	ITEMS_GetAutoAffix	no
10698	0x6fd6e8c0	ITEMS_GetItemDataByte69	ITEMS_SetAutoAffix	no
10699	0x6fd96600	SKILLS_GetSkillDamageBonus	ITEMS_GetPrefixId	no
10700	0x6fd73130	DATATBLS_GetItemTypeStorageDimensions	ITEMS_AssignPrefix	no
10701	0x6fdd1f20	DATATBLS_GetGridRecordSubEntry	ITEMS_GetSuffixId	no
10702	0x6fd886e0	GetStatFromListByLayerChecked	ITEMS_AssignSuffix	no
10703	0x6fd9e680	SKILLS_GetGlobalTableEntry6FD9E680	ITEMS_GetRarePrefixId	no
10704	0x6fd85cf0	UNIT_UpdateCollisionSizeFromPath	ITEMS_AssignRarePrefix	no
10705	0x6fd741d0	PLAYER_IsItemDroppable	ITEMS_GetRareSuffixId	no
10706	0x6fd84be0	UNIT_SetUnitDirection	ITEMS_AssignRareSuffix	no
10707	0x6fd6a990	DATATBLS_CheckField0x88	ITEMS_CheckItemFlag	no
10708	0x6fd9f080	SKILLS_GetGlobalPositionData	ITEMS_SetItemFlag	no
10709	0x6fda0d40	ITEMS_GetWeaponDamageTier	ITEMS_GetItemFlags	no
10710	0x6fd733b0	DATATBLS_GetItemTypePropertyByte14	ITEMS_CheckItemCMDFlag	no
10711	0x6fd74c30	GetItemTypeProperty	ITEMS_SetItemCMDFlag	no
10712	0x6fd8c120	GetItemDataField34	ITEMS_GetItemCMDFlags	no
10713	0x6fd859d0	UNIT_SetUnitCollisionArea	;------------------------UNUSED------------------------	no
10714	0x6fdcf550	PATH_IsUnitWithinRadius	;------------------------UNUSED------------------------	no
10715	0x6fdcc170	DRLG_TickRoomInit	;------------------------UNUSED------------------------	no
10716	0x6fd8c380	DATATBLS_StubReturnZero	;------------------------UNUSED------------------------	no
10717	0x6fd8b550	DRLG_GetRoomListHead	ITEMS_GetItemLevel	no
10718	0x6fd721c0	UNIT_GetProfileField	ITEMS_SetItemLevel	no
10719	0x6fdd2e40	GetAnimFieldPair	ITEMS_GetInvPage	no
10720	0x6fd8d190	CountLinkedListType2Entries	ITEMS_SetInvPage	no
10721	0x6fd62d20	ToggleGlobalLogFile	ITEMS_GetCellOverlap	no
10722	0x6fd83e80	MISSILES_TestTblMaskField_128	ITEMS_SetCellOverlap	no
10723	0x6fd846d0	ClearImageDimensions	ITEMS_GetEarName	no
10724	0x6fd6a2a0	DATATBLS_GetBodyLocPropertyByte	ITEMS_SetEarName	no
10725	0x6fd87d60	COLLISION_SetStructField0x1C	ITEMS_GetEarLevel	no
10726	0x6fd5a0b0	GetDataTableRowEntryCount	ITEMS_SetEarLevel	no
10727	0x6fd6deb0	SafeDereferencePointer	ITEMS_GetVarGfxIndex	no
10728	0x6fd73740	ITEMS_GetItemDataByte47	ITEMS_SetVarGfxIndex	no
10729	0x6fd71e80	ValidateAndPlaceItem	ITEMS_CheckItemTypeIdByItemId	no
10730	0x6fd84620	GetByte0x94	ITEMS_CheckType	no
10731	0x6fd874e0	STATS_GetInventoryItemFromStatList	ITEMS_CheckItemTypeId	no
10732	0x6fd8b4a0	DRLG_FreeRoomResourceBuffers	ITEMS_GetFileIndex	no
10733	0x6fd8b470	DATATBLS_GetGlobalPositionData	ITEMS_SetFileIndex	no
10734	0x6fd8a030	UnapplyStatModifiers	ITEMS_SetOwnerId	no
10735	0x6fd9d760	COLLISION_TryRelocateCollisionMask	ITEMS_GetOwnerId	no
10736	0x6fd9e0e0	DATATBLS_GetItemTypeSubArrayEntry	ITEMS_IsBodyItem	no
10737	0x6fdba270	DATATBLS_GetMissileDataField10	ITEMS_IsClassValid	no
10738	0x6fda3480	OVERLAY_LookupRecordByKey	ITEMS_IsClassValidByItemId	no
10739	0x6fd852f0	PATH_GetDirectionAngleAndSetFacing	ITEMS_GetClassOfClassSpecificItem	no
10740	0x6fd6a270	INV_GetInventoryPageDimensions	ITEMS_IsNotQuestItem	no
10741	0x6fd9ad10	UNIT_GetUnitX	ITEMS_GetQuestFromItemId	no
10742	0x6fd8b120	OVERLAY_UpdateLinkedListFlagsReverseCtx	ITEMS_GetQuest	no
10743	0x6fd72b70	ITEMS_GetItemRecordFieldE8	ITEMS_GetNormalCode	no
10744	0x6fd74430	IsUnitInItemType	ITEMS_GetWeaponClassCode	no
10745	0x6fd8a1d0	STAT_SetUnitStatValue	ITEMS_Get2HandWeaponClassCode	no
10746	0x6fd7ebb0	DATATBLS_ValidateMissileUnit	ITEMS_GetBaseCode	no
10747	0x6fd80530	UNIT_IsUnitDualWieldClass	ITEMS_GetAltGfx	no
10748	0x6fd9dee0	INV_AppendInventoryRecord	ITEMS_GetComponent	no
10749	0x6fdbcb20	DATATBLS_GetDataRecord9C	ITEMS_GetDimensions	no
10750	0x6fd84b80	DATATBLS_GetLevelRecordBitfield06	ITEMS_GetAllowedBodyLocations	no
10751	0x6fd6aa00	SKILLS_SetOrAssignSkillLevel	ITEMS_GetItemType	no
10752	0x6fd8b440	UNIT_GetUnitFixedPointX	ITEMS_GetItemTypeFromItemId	no
10753	0x6fdcfe40	DATATBLS_GetLevelDataRecord	ITEMS_GetItemQlvl	no
10754	0x6fd622b0	UNITS_FindUnitInRoomCollection	ITEMS_CheckIfFlagIsSet	no
10755	0x6fdba010	ITEMS_GetUnitItemTableFieldEC	ITEMS_SetOrRemoveFlag	no
10756	0x6fd7f5c0	GetPlayerSourceCoords	ITEMS_CheckRequirements	no
10757	0x6fd746f0	ITEMS_GetItemRecordFlag137	ITEMS_GetLevelRequirement	no
10758	0x6fd71fb0	SetMaskedFlag	ITEMS_CheckBodyLocation	no
10759	0x6fd7f090	AdvanceAnimSubAccumulator	ITEMS_CheckIfThrowable	no
10760	0x6fdd1fb0	CopyDataEntryHeader	ITEMS_GetMissileType	no
10761	0x6fd84040	MISSILES_TestTblMaskField_DC	ITEMS_GetMeleeRange	no
10762	0x6fd71c50	ValidateItemSwapPlacement	ITEMS_CheckItemTypeIfThrowable	no
10763	0x6fd6dbf0	StubReturnZero	ITEMS_CheckWeaponClassByItemId	no
10764	0x6fd84aa0	UNIT_GetStructShort0x12	ITEMS_CheckWeaponClass	no
10765	0x6fd8b910	ROOM_CheckCoordInBounds	ITEMS_CheckWeaponIfTwoHanded	no
10766	0x6fd86700	GetSeedHi	ITEMS_CheckWeaponIfTwoHandedByItemId	no
10767	0x6fd8c1b0	ROOM_GetRoomAtCoords	ITEMS_CheckIfStackable	no
10768	0x6fda2e30	GetExperienceTableEntry	ITEMS_CheckIfBeltable	no
10769	0x6fd84580	CalcSquaredDistance	ITEMS_ComparePotionTypes	no
10770	0x6fd5db40	PATH_SetWorldPositionFromFixedPoint	ITEMS_CheckIfAutoBeltable	no
10771	0x6fd888e0	STAT_InvokeStatCallback	ITEMS_CheckIfUseable	no
10772	0x6fd9cd90	ModifyTileAttributesFlags	ITEMS_GetUniqueColumnFromItemsTxt	no
10773	0x6fda2c80	SKILLS_RemoveSkillFromUnit	ITEMS_IsQuestItem	no
10774	0x6fd8b3f0	ITEMS_CanItemBeGroupMatched	ITEMS_IsNotQuestItemByItemId	no
10775	0x6fd85800	UNIT_UpdateUnitCollisionOrLight	ITEMS_GetTransactionCost	no
10776	0x6fd9dda0	StubReturnZero	ITEMS_GetNoOfUnidItems	no
10777	0x6fd84d30	GetRoomNext	ITEMS_IsRepairable	no
10778	0x6fd8d120	DATATBLS_FindNthNodeData	;------------------------UNUSED------------------------	no
10779	0x6fd8b1a0	SKILLS_GetSkillDescriptionString	;------------------------UNUSED------------------------	no
10780	0x6fd84b50	GetFirstDwordOrAbort	ITEMS_GetAmmoTypeFromItemType	no
10781	0x6fd8bad0	DATATBLS_GetCoordinateX	ITEMS_GetAmmoType	no
10782	0x6fd736d0	CalcMissileBreakpointValue	ITEMS_GetQuiverTypeFromItemType	no
10783	0x6fd6b890	PATH_GetPositionEntry	ITEMS_GetQuiverType	no
10784	0x6fd9e3b0	GetStructField0x04	ITEMS_GetAutoStackFromItemType	no
10785	0x6fd88060	DATATBLS_EvaluateSkillCalcBytecode	ITEMS_GetAutoStack	no
10786	0x6fda1bf0	EvaluateSkillCalcExpression	ITEMS_GetReload	no
10787	0x6fda2340	SKILLS_ValidateSkillUsability	ITEMS_GetReEquip	no
10788	0x6fd84c00	PATH_GetDirection	ITEMS_GetStorePage	no
10789	0x6fd8b970	ROOM_TestBoundsOverlap	ITEMS_GetVarInvGfxCount	no
10790	0x6fd88410	DATATBLS_EnumerateStatList	ITEMS_GetVarInvGfxString	no
10791	0x6fdce3d0	DATATBLS_FreeResourceBufferByHandle	ITEMS_CanBeMagic	no
10792	0x6fd74ba0	DATATBLS_GetItemTypePropertyByte19	ITEMS_CanBeRare	no
10793	0x6fd819a0	HasEntryById	ITEMS_CanBeNormal	no
10794	0x6fd59c00	GetDrlgDataRecordOffset	ITEMS_GetMaxStack	no
10795	0x6fd7d140	DATATBLS_GetItemAffixLevelRequirementWrapper	ITEMS_GetTotalMaxStack	no
10796	0x6fd740d0	GenerateDrlgLevel	ITEMS_GetMinStackFromItemId	no
10797	0x6fd82770	ANIM_GetFrameData	ITEMS_GetMinStack	no
10798	0x6fdc13e0	BinkBufferGetError	ITEMS_GetSpawnStackFromItemId	no
10799	0x6fdd2d20	DATATBLS_GetOverlayAnimationField	ITEMS_GetSpawnStack	no
10800	0x6fd84c60	ROSTER_GetXPos	ITEMS_CheckBitField1Flag8	no
10801	0x6fd6ef90	INV_GetGridSlotUnit	ITEMS_CheckBitField1Flag4	no
10802	0x6fd73290	ITEMS_GetItemRecordCode	ITEMS_IsMetalItem	no
10803	0x6fd97120	ValidateSkillPrerequisites	ITEMS_CheckBitField1Flag1	no
10804	0x6fd9f640	STAT_GetMaxItemTypeStatValueForUnit	ITEMS_GetSpellIcon	no
10805	0x6fd8bc40	FindWeaponInEquipSlots	ITEMS_GetDurWarnCount	no
10806	0x6fdc1570	GetOverlayRecord	ITEMS_GetQtyWarnCount	no
10807	0x6fd8a7d0	STAT_InsertStatListAndApplyModifiers	ITEMS_GetStrengthBonus	no
10808	0x6fd7fdb0	PATH_GetPathTargetField5C	ITEMS_GetDexBonus	no
10809	0x6fd7fd10	GetSkillDescByteFields	ITEMS_CheckIfSocketableByItemId	no
10810	0x6fd89b30	SKILLS_GetSkillDescField0x34	ITEMS_CheckIfSocketable	no
10811	0x6fd8c5e0	ROOM_GetFirstValidLinkField30	ITEMS_HasDurability	no
10812	0x6fd9e430	GetSkillRecordCharAt0x14	;------------------------UNUSED------------------------	no
10813	0x6fd74da0	ITEMS_GetItemTypeSubArrayEntry	ITEMS_GetStaffMods	no
10814	0x6fdc1940	ITEMS_GetDataByCode	ITEMS_GetAllowedGemSocketsFromItemId	no
10815	0x6fd8ab30	STAT_RecalculateVitalCosts	ITEMS_GetMaxSockets	no
10816	0x6fd8cdf0	FindRoomContainingPoint	ITEMS_GetSockets	no
10817	0x6fd84c30	GetPathPointData	ITEMS_AddSockets	no
10818	0x6fdb9f50	MISSILE_GetDataField2C	ITEMS_SetSockets	no
10819	0x6fd83110	UNITS_UpdateAnimationSpeedByMode	ITEMS_GetGemApplyTypeFromItemId	no
10820	0x6fd71b40	INVENTORY_DestroyInventory	ITEMS_GetGemApplyType	no
10821	0x6fdb6350	IsNodeInUnitLinkedList	ITEMS_IsSocketFiller	no
10822	0x6fd74280	DATATBLS_GetItemStorePage	ITEMS_GetRunesTxtRecordFromItem	no
10823	0x6fd88ed0	SKILLS_GetWeaponMinDamage	ITEMS_GetWeaponClassId	no
10824	0x6fd83ee0	MISSILES_TestTblMaskField_11C	ITEMS_GetTransmogrifyFromItemId	no
10825	0x6fdbc690	LEVEL_GetLevelTypesDataArrayEntry	ITEMS_GetTransmogrify	no
10826	0x6fd8c000	GetNestedStructField0x1D0	ITEMS_IsMagSetRarUniCrfOrTmp	no
10827	0x6fdcff80	GetRecordByNegativeIndex	ITEMS_GetHitClassFromItem	no
10828	0x6fd80460	SKILLS_GetActiveSkillAnimData	ITEMS_Is1Or2Handed	no
10829	0x6fd7f460	GetPlayerDataField90	ITEMS_GetColor	no
10830	0x6fd891f0	GetUnitModifierStatValue	ITEMS_IsImbueable	no
10831	0x6fd5d820	AdvanceUnitPathStep	ITEMS_IsSocketable	no
10832	0x6fd9e5e0	SKILLS_GetItemSkillStat	ITEMS_IsPersonalizable	no
10833	0x6fd8bac0	GetSubstructPtr18	ITEMS_AreStackablesEqual	no
10834	0x6fd68220	STAT_CopyStatString	ITEMS_CanItemBeUsedForThrowSkill	no
10835	0x6fd7f8a0	GetItemRecordByte130	D2COMMON_10835_Return0	no
10836	0x6fd710b0	INVENTORY_FindIdenticalItemWithHigherStat	ITEMS_GetSetItemsMask	no
10837	0x6fdba690	MISSILES_SetClampedUnitDataShort	ITEMS_GetNoOfSetItemsFromItem	no
10838	0x6fd738e0	GetItemFlags	ITEMS_GetSetItemsTxtRecordFromItem	no
10839	0x6fd814a0	PATH_CalculateUnitToUnit	ITEMS_CanBeEquipped	no
10840	0x6fd68df0	ValidateTableEntryB	ITEMS_IsCharmUsable	no
10841	0x6fd9d9a0	GAME_GameToTileCoords	ITEMS_GetBonusLifeBasedOnClass	no
10842	0x6fd700d0	FindBeltSlotForItem	ITEMS_GetBonusManaBasedOnClass	no
10843	0x6fd83ea0	MISSILES_TestTblMaskField_124	ITEMMODS_GetByTimeAdjustment	no
10844	0x6fd74320	ITEMS_CheckItemRecordField	D2Common_10844_ITEMMODS_First	no
10845	0x6fd88e30	DATATBLS_GetStatCostRecordValue159	D2Common_10845	no
10846	0x6fd9e450	STUB_GetBool	D2Common_10846	no
10847	0x6fd9e8c0	GetTableRecordTypeByte	ITEMMODS_UpdateItemWithSkillCharges	no
10848	0x6fd891a0	GetBitfieldArraySize	D2Common_10848	no
10849	0x6fdaef40	DATATBLS_CompileTxtDataTable	D2Common_10849	no
10850	0x6fd59d90	DRLG_FreeResourceBufferPair	D2Common_10850	no
10851	0x6fd9ce90	COLLISION_CheckMaskFlagsByMode	D2Common_10851	no
10852	0x6fdaa7d0	DATATBLS_GetRandomStringD	;------------------------UNUSED------------------------	no
10853	0x6fd82460	ANIM_AdvanceFrame	ITEMS_GetItemCell	no
10854	0x6fd6ff40	FindEquippedType33Item	ITEMS_SetItemCell	no
10855	0x6fd7d810	DATATBLS_GetSkillDescField0x98	ITEMMODS_AssignProperty	no
10856	0x6fd9e3f0	SKILLS_AllocProfilingStats	D2COMMON_10856_Return	no
10857	0x6fdb6900	ROOM_AssignUnitToRoom	;------------------------UNUSED------------------------	no
10858	0x6fd9e1c0	SKILLS_GetSkillNodeRecord	;------------------------UNUSED------------------------	no
10859	0x6fd80590	SKILLS_UpdatePlayerTargetFromSkill	ITEMMODS_CanItemHaveMagicAffix	no
10860	0x6fd84af0	GetStatListBaseStatValue	ITEMMODS_CanItemHaveRareAffix	no
10861	0x6fd8d1c0	TEXT_RemoveTextListEntryByKey	ITEMMODS_CanItemBeHighQuality	no
10862	0x6fd821e0	GetUnitWeaponRange	ITEMMODS_SetRandomElixirFileIndex	no
10863	0x6fd9e1f0	ITEMS_ValidateUnitAndSetState	;------------------------UNUSED------------------------	no
10864	0x6fd9e750	IsLineOfSightClear	;------------------------UNUSED------------------------	no
10865	0x6fd76d40	IsItemDurabilityDepleted	ITEMMODS_ApplyEthereality	no
10866	0x6fd83d10	DRLG_CheckDataTableBitflagsOverlap	ITEMS_UpdateSets	no
10867	0x6fd84bb0	GetLevelRecordField02	ITEMMODS_UpdateRuneword	no
10868	0x6fd8c990	DRLG_FreeLevel	ITEMMODS_AddCraftPropertyList	no
10869	0x6fd6dff0	StubOrdinal10250	;------------------------UNUSED------------------------	no
10870	0x6fd9c940	COLLISION_ClearFlagsAtCoords	;------------------------UNUSED------------------------	no
10871	0x6fd88520	STAT_FindModifierByIdOnUnit	;------------------------UNUSED------------------------	no
10872	0x6fd884b0	STAT_SetStatListOwnerIdWithFlag	;------------------------UNUSED------------------------	no
10873	0x6fd8afd0	AppendToRingBuffer4	;------------------------UNUSED------------------------	no
10874	0x6fd73c70	ITEMS_CreateResourceBuffer	;------------------------UNUSED------------------------	no
10875	0x6fd73b20	ITEMS_SetItemDataField00	ITEMS_GetItemFormat	no
10876	0x6fda2ff0	DATATBLS_GetTableRecord0x94	ITEMS_SetItemFormat	no
10877	0x6fd84550	IsPathVelocityXLessThanY	ITEMS_GetAllRepairCosts	no
10878	0x6fd7f630	PLAYER_GetTargetCoords	ITEMS_GetWeaponAttackSpeed	no
10879	0x6fd8c460	ROOM_ManageRoomArray	ITEMS_HasUsedCharges	no
10880	0x6fd8b160	OVERLAY_UpdateLinkedListFlagsReverseCleanup	ITEMS_IsEthereal	no
10881	0x6fdce6c0	ROOM_StepExplorationToCollision	ITEMS_SerializeItemToBitstream	no
10882	0x6fd7f2c0	SetUnitPathField0C	ITEMS_DecodeItemFromBitstream	no
10883	0x6fd73970	SetItemDataField34	ITEMS_GetCompactItemDataFromBitstream	no
10884	0x6fdbcc60	UNIT_HaveLightResBonus	D2Common_10884_COMPOSIT_unk	no
10885	0x6fd8b500	DRLG_UnpackStatIdentifier	D2Common_10885_COMPOSIT_unk	no
10886	0x6fda2ca0	SKILLS_AdjustUnitSkillBonus	COMPOSIT_GetWeaponClassIdFromCode	no
10887	0x6fd8a740	STAT_SetStatValueAndSortIfNeeded	COMPOSIT_GetWeaponClassCode	no
10888	0x6fd84960	SetUnitFlag4	COMPOSIT_GetWeaponClassId	no
10889	0x6fd94350	STAT_GetUnitWeaponClass	COMPOSIT_IsArmorComponent	no
10890	0x6fd96a40	ITEMS_ApplyEtherealBonus	COMPOSIT_IsWeaponBowOrXBow	no
10891	0x6fdd2f00	DATATBLS_ValidateArrayIndex	COMPOSIT_GetArmorTypeFromComponent	no
10892	0x6fd73870	SetItemDataFlags	CHAT_AllocHoverMsg	no
10893	0x6fd751c0	ITEMS_GetUnwindWithPackedDirection	CHAT_FreeHoverMsg	no
10894	0x6fdbe0c0	DATATBLS_GetSkillRangeValue	CHAT_GetDisplayTimeFromHoverMsg	no
10895	0x6fd87c20	UNIT_ResetVelocityScaleTable	CHAT_GetTimeoutFromHoverMsg	no
10896	0x6fdce4f0	DATATBLS_InitializeExpansionFieldData	CHAT_CopyHoverMsgToBuffer	no
10897	0x6fdb7df0	UNIT_InitializeUnitDefaultState	CHAT_GetUsedFromHoverMsg	no
10898	0x6fd800e0	UNIT_SetUnitPositionDataY	CHAT_SetUsedInHoverMsg	no
10899	0x6fda3410	VIDEO_BinkBufferSetHWND	CHAT_GetLangIdFromHoverMsg	no
10900	0x6fd87f10	FindStatListModByFlags	CHAT_SetLangIdInHoverMsg	no
10901	0x6fd7cf80	QUEST_FreeResourceAndSubResource	TEXT_AllocTextHeader	no
10902	0x6fd70010	INV_GetValidatedInventoryPageItem	TEXT_FreeTextHeader	no
10903	0x6fdad770	DATATBLS_WriteExcelBinFile	TEXT_AddNodeToTextList	no
10904	0x6fd80ee0	UNIT_GetBlockingSize	TEXT_RemoveNodeFromTextList	no
10905	0x6fd73540	DATATBLS_GetMonsterMaxComponentVisualTier	TEXT_GetMenuType2NodeCount	no
10906	0x6fd5e150	PATH_GetNodeNextPtr	TEXT_GetStringIdOfMenuType2Node	no
10907	0x6fd957e0	CoordToMapIndex	TEXT_GetStringIdOfMenuType1Or2Node	no
10908	0x6fd93860	DATATBLS_GetWeaponClassToken	TEXT_GetStringIdOfMenuType0Or2Node	no
10909	0x6fd95610	StubNoOp	TEXT_CreateMessageListFromTextHeader	no
10910	0x6fd89430	DATATBLS_GetItemStatCostValue	TEXT_CreateTextHeaderFromMessageList	no
10911	0x6fd87d70	SetStructDataField38	TEXT_SortTextNodeListByStringId	no
10912	0x6fd9d970	ConvertTileToPixelCentered	SEED_InitSeed	no
10913	0x6fd890f0	DATATBLS_GetItemStatCostPropertyValue	SEED_InitLowSeed	no
10914	0x6fd97730	ITEMS_DispatchEvent7	SEED_GetLowSeed	no
10915	0x6fdba0e0	MISSILE_GetMissileTypeShort04	SEED_GetHighSeed	no
10916	0x6fd8c6d0	ROOM_ProcessConnectionAtCoords	SEED_Return	no
10917	0x6fda2fa0	MONSTER_GetIndirectStatRecord	;------------------------UNUSED------------------------	no
10918	0x6fd76ba0	FindMatchingCubeRecipe	;------------------------UNUSED------------------------	no
10919	0x6fd68ef0	DATATBLS_GetCharCompositDualRecord	;------------------------UNUSED------------------------	no
10920	0x6fd7eb70	DATATBLS_GetMissileTypeDataDword14	SEED_GetRandomValue	no
10921	0x6fd81260	ITEMS_GetBodyLocation	SEED_SetSeeds	no
10922	0x6fd80120	SetUnitPositionDataX	SEED_GetSeeds	no
10923	0x6fd937f0	DATATBLS_LookupGlobalPairTable	ENVIRONMENT_UpdatePeriodOfDay	no
10924	0x6fda33f0	AbortUnreachable	ENVIRONMENT_UpdateCycleIndex	no
10925	0x6fd88f60	STATS_GetISCStatValueByIndex	ENVIRONMENT_GetStatistics	no
10926	0x6fdc1480	BINKBUFFER_GetError	ENVIRONMENT_GetIntensityFromAct	no
10927	0x6fd83dc0	MISSILES_TestTblMaskField_144	ENVIRONMENT_GetLightColorFromAct	no
10928	0x6fd8e900	GetLastError	ENVIRONMENT_GetUnusedMember	no
10929	0x6fd7d850	DATATBLS_GetRoomConnectionAtCoords	ENVIRONMENT_NextEnvCycle	no
10930	0x6fd87ec0	STAT_FindStatEntry	ENVIRONMENT_GetCycleIndexFromAct	no
10931	0x6fd73670	GetItemTypeDataByte49	ENVIRONMENT_GetCycleIndex_Ticks_EclipseFromAct	no
10932	0x6fd82ef0	STAT_UpdateDualWieldStatOwnership	ENVIRONMENT_InitializeEnvironment	no
10933	0x6fd62450	ITEMS_CanItemFitInStoragePage	ENVIRONMENT_GetPeriodOfDayFromAct	no
10934	0x6fd7ed30	DATATBLS_IsObjectRecordFlag167Set	ENVIRONMENT_GetTimeRateFromAct	no
10935	0x6fd88de0	STAT_GetGoldBankMax	ENVIRONMENT_SetNextTimeRate	no
10936	0x6fd86750	InitTimerState	ENVIRONMENT_TaintedSunBegin	no
10937	0x6fd703b0	INVENTORY_HasEquippedItemType	ENVIRONMENT_TaintedSunEnd	no
10938	0x6fd85be0	UNIT_UpdateLightRadius	SKILLS_GetPassiveState	no
10939	0x6fd7cfc0	QUEST_AllocQuestRecord	;------------------------UNUSED------------------------	no
10940	0x6fd9dc20	StubReturnZero	SKILLS_RefreshSkill	no
10941	0x6fd9dba0	STUB_ReturnTrue	SKILLS_RefreshPassiveSkills	no
10942	0x6fd8cee0	DRLG_CalcMissileVelocityParam	SKILLS_GetSkillModeFromUnit	no
10943	0x6fdb6160	DATATBLS_LoadAllDataTables	D2COMMON_10943_Return1	no
10944	0x6fdadb50	GetLastError	SKILLS_GetRange	no
10945	0x6fd84510	STAT_UpdateUnitFlagState	SKILLS_AllocSkillList	no
10946	0x6fd711d0	INVENTORY_CanEquipItemInBodyLoc	SKILLS_InitSkillList	no
10947	0x6fd804a0	GetUnitEventField4	SKILLS_GetNextSkill	no
10948	0x6fd87320	SKILLS_GetItemBonus	SKILLS_GetFirstSkillFromSkillList	no
10949	0x6fd95800	UnpackBitFields	SKILLS_GetSkillById	no
10950	0x6fd84a10	PATH_GetPathTargetUnit	SKILLS_GetHighestLevelSkillFromUnitAndId	no
10951	0x6fd8cb30	DRLG_AllocateRoom	SKILLS_RemoveSkill	no
10952	0x6fd9e460	SKILLS_GetNodeField08	SKILLS_AddSkill	no
10953	0x6fdc15c0	BINK_GetError	SKILLS_AssignSkill	no
10954	0x6fd8bb80	ROOM_CollectRoomUnits	D2Common_10954	no
10955	0x6fd74e10	DATATBLS_GetItemTypeField13_ByUnit	SKILLS_GetSkillInfo	no
10956	0x6fd708e0	INV_FindItemSlot	SKILLS_SetCharges	no
10957	0x6fd746a0	DATATBLS_GetItemTypeDataByte	SKILLS_GetOwnerGUIDFromSkill	no
10958	0x6fd9bab0	COLLISION_ClearMaskFlags	D2Common_10958	no
10959	0x6fd883a0	STAT_GetStatListOwnerId	D2Common_10959	no
10960	0x6fd84390	ClearUnitStatBitfield2	SKILLS_FreeSkillList	no
10961	0x6fdc1430	GetLevelRecord	SKILLS_SetLeftActiveSkill	no
10962	0x6fd70270	INV_GetAlternateWeapon	SKILLS_SetRightActiveSkill	no
10963	0x6fd86720	SetCoordPair	SKILLS_GetSkillIdFromSkill	no
10964	0x6fd70bc0	INV_FindInventoryCharmByTier	SKILLS_GetUseState	no
10965	0x6fd811b0	IsMonsterInSpecialDeathMode	SKILLS_GetSeqNumFromSkill	no
10966	0x6fd62a90	SetGlobalValue11103	SKILLS_GetSkillsTxtRecordFromSkill	no
10967	0x6fd6f040	INV_CheckItemGridPlacement	SKILLS_GetShrineSkillLevelBonus	no
10968	0x6fd9e110	HasMonsterSkillSlot	SKILLS_GetSkillLevel	no
10969	0x6fd8bf00	STAT_CleanupModChain	D2Common_10969	no
10970	0x6fdba6d0	MISSILE_SetDataField10	D2Common_10970	no
10971	0x6fd6a6d0	MONSTER_AllocAndSetName	D2Common_10971	no
10972	0x6fd8d210	TEXT_InsertEntryAtHead	D2Common_10972	no
10973	0x6fd88b70	GetUnitBaseStat	D2Common_10973	no
10974	0x6fd68f80	BinkBufferGetError	SKILLS_SetSkillMode	no
10975	0x6fd83fa0	MISSILES_TestTblMaskField_EC	SKILLS_GetSkillMode	no
10976	0x6fd84a60	GetIndexedShort0x98	SKILLS_GetParam1	no
10977	0x6fd73900	ITEMS_SetFlagBits18	SKILLS_GetParam2	no
10978	0x6fd9ecc0	DRLG_LookupRoomExit	SKILLS_GetParam3	no
10979	0x6fdb7d60	DATATBLS_ImportStateFlagsFromBuffer	SKILLS_GetParam4	no
10980	0x6fd9e030	SKILLS_GetSkillNodePos1	SKILLS_SetParam1	no
10981	0x6fd84870	UNIT_GetMode	SKILLS_SetParam2	no
10982	0x6fd72b20	ITEMS_GetItemRecordFieldEC	SKILLS_SetParam3	no
10983	0x6fd84ab0	DATATBLS_GetMissileParamShort0x10	SKILLS_SetParam4	no
10984	0x6fd88850	STAT_ProcessMatchingValues	SKILLS_SetFlags	no
10985	0x6fdba240	MISSILE_GetRemainingFrames	SKILLS_GetFlags	no
10986	0x6fdbc990	GetDataTableRecord0x1B0	SKILLS_GetRequiredLevel	no
10987	0x6fd79d00	ITEMS_GetEncodedItemStreamSize	SKILLS_GetRequiredLevelBasedOnCurrent	no
10988	0x6fd7c9e0	DATATBLS_GetLevelRecordField	SKILLS_CheckRequiredSkills	no
10989	0x6fdae840	DATATBLS_GetItemLevelCapByIndex	SKILLS_CheckRequiredAttributes	no
10990	0x6fd6ddd0	INV_AppendInventoryRecord	;------------------------UNUSED------------------------	no
10991	0x6fd632a0	DATATBLS_CopyLevelTileRecord	;------------------------UNUSED------------------------	no
10992	0x6fd7a480	ITEMS_UpdateInventoryGraphicTier	;------------------------UNUSED------------------------	no
10993	0x6fd844f0	DRLG_TransferBitMaskFlagsDC	;------------------------UNUSED------------------------	no
10994	0x6fd8a5c0	STAT_SetStatDefault	;------------------------UNUSED------------------------	no
10995	0x6fd86760	ReadExcelDataFile	;------------------------UNUSED------------------------	no
10996	0x6fd960b0	ITEMS_InvokePropertyCallback	;------------------------UNUSED------------------------	no
10997	0x6fd7ff30	COLLISION_GetUnitCollisionFlags	;------------------------UNUSED------------------------	no
10998	0x6fd6d710	DATATBLS_FreeMisStreamResourceBuffer	;------------------------UNUSED------------------------	no
10999	0x6fd84a80	GetStructShort0x1A	SKILLS_GetToHitFactor	no
11000	0x6fd74710	ITEMS_GetActionTargetType	SKILLS_GetHighestSkillLevelById	no
11001	0x6fd84a40	DATATBLS_GetIndexedShort0x9A	SKILLS_GetManaCosts	no
11002	0x6fd80880	FreePlayerQuestWaypointData	SKILLS_GetMinPhysDamage	no
11003	0x6fd86030	PATH_AllocPathData	SKILLS_GetMaxPhysDamage	no
11004	0x6fd8ad60	STATS_CleanModifierChain	SKILLS_GetMinElemDamage	no
11005	0x6fd846a0	SetByte0x93Validated	SKILLS_GetMaxElemDamage	no
11006	0x6fd73ef0	IsItemNotRestricted	SKILLS_GetElementalLength	no
11007	0x6fdc1610	UNIT_GetUnitTableEntry	;------------------------UNUSED------------------------	no
11008	0x6fda0ea0	SKILLS_GetEffectiveSkillLevel	SKILLS_GetClassIdFromSkillId	no
11009	0x6fd85ba0	PATH_GetOrComputeCollisionMask	D2COMMON_11009_Return0	no
11010	0x6fd8b710	ROOM_GetRoomAtCoords	SKILLS_IsPlayerClassSkill	no
11011	0x6fd85b80	UNIT_SafeSetUnitCollisionArea	SKILLS_GetQuantity	no
11012	0x6fdd2030	DATATBLS_GetGridRecordHeader	SKILLS_SetQuantity	no
11013	0x6fd88100	STAT_CreateSkillListNode	D2COMMON_11013_ConvertMode	no
11014	0x6fd94290	ANIM_BuildCofPath	D2Common_11014_ConvertShapeShiftedMode	no
11015	0x6fd76da0	DATATBLS_GetItemAffixLevelRequirement	D2Common_11015	no
11016	0x6fdb6700	DATATBLS_RemoveUnitFromClassList	D2Common_11016	no
11017	0x6fd6dfb0	GetStatListOwnerGuid	D2COMMON_11017_CheckUnitIfConsumeable	no
11018	0x6fdb9f90	MISSILE_GetDataField28	D2COMMON_11018	no
11019	0x6fd73650	ITEMS_SetTypeDataByte49	D2COMMON_11019	no
11020	0x6fd7eda0	OBJECT_GetFlagBit1At13A	D2Common_11020	no
11021	0x6fd9fa30	CheckAnimRecordStatRequirements	D2COMMON_11021	no
11022	0x6fd84ce0	SetStructField0x88	SKILLS_CanUnitCorpseBeSelected	no
11023	0x6fdae870	DATATBLS_FreeAllDataTables	SKILLS_GetWeaponMasteryBonus	no
11024	0x6fd71760	INV_ClearInventoryKeepCursor	D2Common_11024	no
11025	0x6fd8bfb0	GetRoomBoundsRect	D2Common_11025	no
11026	0x6fd9d8c0	TransformToIsometric	D2Common_11026	no
11027	0x6fd82330	CalcLifePercentage	SKILLS_GetShiftedManaCosts	no
11028	0x6fd73a40	ITEMS_GetDataShortByIndex	D2Common_11028	no
11029	0x6fdba2d0	GetMissileTypeDataShort0C	SKILLS_GetBonusSkillLevelFromSkillId	no
11030	0x6fd73720	ITEMS_SetItemDataByte47	D2Common_11030	no
11031	0x6fd9dea0	PATH_ComputeUnitPath	D2Common_11031	no
11032	0x6fdc10a0	BinkBufferGetError	D2Common_11032	no
11033	0x6fd83c80	DATATBLS_GetItemTypeBitfieldDwordCount	D2Common_11033	no
11034	0x6fd72820	TestItemTypeBitMatrix	D2Common_11034	no
11035	0x6fdba310	MISSILE_SetMissileDataField0x14	D2Common_11035	no
11036	0x6fd73400	GetItemTypePropertyByte15	D2COMMON_11036_GetMonCurseResistanceSubtraction	no
11037	0x6fd8a790	STAT_UpdateStatWithModifier	SKILLS_CheckIfCanLeapTo	no
11038	0x6fd83f60	MISSILES_TestTblMaskField_F4	;------------------------UNUSED------------------------	no
11039	0x6fd84450	SetUnitItemTypeFlag	D2COMMON_11039_CheckWeaponIsMissileBased	no
11040	0x6fd8ac50	STAT_ClearUnitBuffs	SKILLS_IsEnhanceable	no
11041	0x6fd71da0	INV_ValidateAndPlaceItemInInventory	SKILLS_GetClassSkillId	no
11042	0x6fd7f570	PLAYER_SetTargetCoords	SKILLS_GetPlayerSkillCount	no
11043	0x6fd88380	OVERLAY_SetOverlayIndexByUnit	D2Common_11043	no
11044	0x6fd87470	ITEMS_GetItemRecordField108	;------------------------UNUSED------------------------	no
11045	0x6fd87660	PATH_AnimationStateChanged	;------------------------UNUSED------------------------	no
11046	0x6fd84c70	GetStructFlag0x20	;------------------------UNUSED------------------------	no
11047	0x6fd8be90	UNIT_GetChainNodeIndex	SKILLS_GetConcentrationDamageBonus	no
11048	0x6fdaf1c0	UNIT_GetUnitName	D2COMMON_11048_Return1	no
11049	0x6fd9d810	PATH_FindNearestValidPositionSimple	SKILLS_Return1	no
11050	0x6fd73a70	ITEMS_SetItemDataShort36	D2Common_11050	no
11051	0x6fd738b0	MONSTER_GetMaxComponentVisualTier	MONSTERS_GetMaximalLightRadius	no
11052	0x6fd9dbe0	StubNoOp	D2Common_11052	no
11053	0x6fdbc200	StubNoOp	D2Common_11053	no
11054	0x6fd734f0	ITEMS_GetItemEffectiveCode	D2Common_11054	no
11055	0x6fd7f4b0	PLAYER_SetItemField90	D2Common_11055	no
11056	0x6fd85640	PATH_UpdateCollisionFlags	;------------------------UNUSED------------------------	no
11057	0x6fd787d0	CanUnitEquipWeapon	MONSTERS_IsSandLeaper	no
11058	0x6fd84860	GetUnitField91	MONSTERS_IsDemon	no
11059	0x6fd7eab0	UNIT_GetObjectField0x168	MONSTERS_IsUndead	no
11060	0x6fd7e9c0	GetDefaultArenaSize	MONSTERS_IsBoss	no
11061	0x6fd83ab0	TestClassFlagBit	MONSTERS_GetMinionSpawnInfo	no
11062	0x6fd873b0	BinkBufferGetError	D2COMMON_11062_Return	no
11063	0x6fd72560	ValidateSkillUsability	D2Common_11063	no
11064	0x6fd72760	ITEMS_GetItemRecordFlags	MONSTERS_IsDead	no
11065	0x6fdc14d0	DATATBLS_GetMonsterTypeRecord	MONSTERS_IsPrimeEvil	no
11066	0x6fd937c0	UNIT_IsValidUnitType	D2Common_11066	no
11067	0x6fd68240	GetStatListOwnerType	MONSTERS_GetHirelingTypeId	no
11068	0x6fd9e5a0	SKILLS_GetBitFlag1	D2COMMON_11068_GetCompInfo	no
11069	0x6fd95830	ComputeLinearIndex	D2Common_11069	no
11070	0x6fd9eb00	GetItemGroupMatchThreshold	D2Common_11070	no
11071	0x6fd9daf0	GameToRoomCoordsInPlace	;------------------------UNUSED------------------------	no
11072	0x6fd7f520	PLAYER_SetPlayerDataFieldPair8088	;------------------------UNUSED------------------------	no
11073	0x6fd9bcf0	DRLG_ClearMapCellFlagRadius	;------------------------UNUSED------------------------	no
11074	0x6fd87840	PATH_UpdateVelocityState	;------------------------UNUSED------------------------	no
11075	0x6fd734a0	DATATBLS_GetStateFlagBit	;------------------------UNUSED------------------------	no
11076	0x6fd9ad20	COLLISION_CheckLineCollision	D2COMMON_11076_Return	no
11077	0x6fd6a900	GetMonsterComponentMaxTier	D2COMMON_11077_Return	no
11078	0x6fdce4a0	DATATBLS_FreeExpansionFieldData	D2COMMON_11078_Return0	no
11079	0x6fd74800	ITEMS_GetItemTableFieldEC	D2COMMON_11079_Return0	no
11080	0x6fd80340	UNITS_GetXPositionFixedPoint	D2COMMON_11080_Return	no
11081	0x6fd87d40	D2Common_SetStructField20	D2Common_11081	no
11082	0x6fd83ec0	MISSILES_TestTblMaskField_120	MONSTERS_HirelingInit	no
11083	0x6fd848c0	GetUnitGfxUnk	MONSTERS_GetHirelingResurrectionCost	no
11084	0x6fdbc220	BINK_BufferSetWindow	MONSTERS_GetHirelingExpForNextLevel	no
11085	0x6fd81200	DATATBLS_IsMonsterExpansionOnly	MONSTERS_GetHirelingDescString	no
11086	0x6fd6a3d0	DRLG_GetLevelTileEntryAt	MONSTERS_GetActFromHirelingTxt	no
11087	0x6fd9db70	DATATBLS_ConvertTileToPixel	UNITFINDS_FindUnitInNeighboredRooms	no
11088	0x6fd730f0	DATATBLS_GetItemTypeFromUnit	UNITFINDS_GetNearestTestedUnit	no
11089	0x6fda4a00	DATATBLS_GetMonLevelStats	DATATBLS_InitializeCollisionFieldTable	no
11090	0x6fd83920	SetUnitAnimMode	DATATBLS_FreeCollisionFieldTable	no
11091	0x6fda0360	CalcSkillElemMax	DATATBLS_GetCollisionFieldCenter	no
11092	0x6fd83da0	MISSILES_TestTblMaskField_148	DATATBLS_GetCollisionFieldWidth	no
11093	0x6fd8add0	STATS_FreeMatchingStatLists	DATATBLS_GetCollisionFieldHeight	no
11094	0x6fd95be0	ITEMS_GetItemRecordFlagBit1	DATATBLS_AllocField	no
11095	0x6fd7a5c0	INV_RemoveAndDeallocateItemData	DATATBLS_FreeField	no
11096	0x6fd6dcb0	GetSetItemRecordField2E	DATATBLS_SetFieldCoordinates	no
11097	0x6fd7cc60	GetPlayerTargetCoords	D2Common_11097	no
11098	0x6fd73a90	ITEMS_GetItemDataShort36	D2Common_11098	no
11099	0x6fd8cbe0	SetMissileDataField0E	D2Common_11099	no
11100	0x6fd81b40	GetPlayerEquippedWeapon	LOG_11100	no
11101	0x6fd9fb30	SKILLS_ValidateCharLevelRequirement	LOG_11101	no
11102	0x6fd76930	ITEMS_AreItemsIdentical	LOG_11102	no
11103	0x6fd803e0	SetItemNormalDropFlag	LOG_11103	no
11104	0x6fd6a2d0	MONSTER_GetBossCategory	LOG_11104	no
11105	0x6fd72150	ITEMS_GetStatBonusValueWrapper	LOG_11105	no
11106	0x6fd624e0	UNIT_FindUnitInAreaFilter	LOG_11106	no
11107	0x6fd71dd0	PlaceItemIntoInventory	QUESTRECORD_GetQuestState	no
11108	0x6fd8ad40	STATS_FreeStatListIfValid	QUESTRECORD_SetQuestState	no
11109	0x6fda2d50	SKILLS_SetOrAssignSkillLevel	QUESTRECORD_ClearQuestState	no
11110	0x6fd88710	STAT_CopyUnitStatsByBodyType	QUESTRECORD_ResetIntermediateStateFlags	no
11111	0x6fd8a5f0	STAT_RemoveItemStatsLegacy	QUESTRECORD_AllocRecord	no
11112	0x6fd6dad0	PATH_IteratePathCollisionNodes	QUESTRECORD_FreeRecord	no
11113	0x6fd8b760	DRLG_GetRoomBounds	QUESTRECORD_CopyBufferToRecord	no
11114	0x6fd95890	DATATBLS_UnpackStatIdentifier	QUESTRECORD_CopyRecordToBuffer	no
11115	0x6fd84e10	BinkBufferSetHWND	MISSILE_AllocMissileData	no
11116	0x6fd88ff0	GetMaxDurabilityStat	MISSILE_FreeMissileData	no
11117	0x6fd7fa20	MISSILE_GetRemainingFrames	MISSILE_GetFlags	no
11118	0x6fd7f270	SetUnitTypeSpecificField	MISSILE_SetFlags	no
11119	0x6fdcfe90	GetLastError	MISSILE_SetLevel	no
11120	0x6fd9e520	DATATBLS_GetMonsterTypeRecord	MISSILE_GetLevel	no
11121	0x6fd5dab0	PATH_SyncUnitPositionFromPath	MISSILE_SetTotalFrames	no
11122	0x6fd82670	ANIM_SetAnimDataRecord	MISSILE_GetTotalFrames	no
11123	0x6fd87350	ExtractSubstructFields	MISSILE_SetCurrentFrame	no
11124	0x6fd8c070	PATH_GetTileBoundsParam	MISSILE_GetCurrentFrame	no
11125	0x6fd8bbd0	UpdateAllAnimationFrames	MISSILE_GetRemainingFrames	no
11126	0x6fd62890	LOG_WriteDebugMessage	MISSILE_SetSkill	no
11127	0x6fd8a5d0	STAT_RemoveUnitModifier	MISSILE_GetSkill	no
11128	0x6fd87430	DestroyInventory	MISSILE_GetClassId	no
11129	0x6fd80e80	PATH_SetUnitPathTarget	MISSILE_SetOwner	no
11130	0x6fd84950	STAT_GetStatListFlag2	MISSILE_CheckUnitIfOwner	no
11131	0x6fd880e0	STATLIST_GetStateIndex	MISSILE_SetStreamMissile	no
11132	0x6fd88040	STAT_GetStatListField14	MISSILE_GetStreamMissile	no
11133	0x6fd825c0	GetUnitWeaponStyle	MISSILE_SetStreamRange	no
11134	0x6fd6de50	GetInventoryField24	MISSILE_GetStreamRange	no
11135	0x6fd9cb90	FindNearestFreePosition	MISSILE_GetHitClass	no
11136	0x6fd6b1d0	ApplyMonsterDifficultyStatScaling	MISSILE_SetActivateFrame	no
11137	0x6fd72e70	DATATBLS_GetItemRecordByte11C	MISSILE_GetActivateFrame	no
11138	0x6fd826c0	UNITS_IsTargetInMeleeRange	MISSILE_GetAnimSpeed	no
11139	0x6fd6e670	INV_GetItemAtBodyLoc	MISSILE_SetAnimSpeed	no
11140	0x6fd83a00	TestTableBitfield120	MISSILE_SetTargetX	no
11141	0x6fd84a20	DATATBLS_SetClassDataField0x1C	MISSILE_GetTargetX	no
11142	0x6fd80240	GetUnitPathCoordY	MISSILE_SetTargetY	no
11143	0x6fda33e0	BinkBufferGetError	MISSILE_GetTargetY	no
11144	0x6fd74e60	DATATBLS_GetItemTypeEquiv2	MISSILE_SetHomeType	no
11145	0x6fd7c470	ITEMS_ParseItemFromBitStream	MISSILE_GetHomeType	no
11146	0x6fda0560	SKILLS_GetItemDamageBonus	WAYPOINTS_IsActivated	no
11147	0x6fd6e400	GetUnitIfItem	WAYPOINTS_ActivateWaypoint	no
11148	0x6fd6f1f0	INV_CheckGridSpace	WAYPOINTS_AllocWaypointData	no
11149	0x6fd84330	STATLIST_HasExtendedStatFlags	WAYPOINTS_FreeWaypointData	no
11150	0x6fd83ca0	GetUnitStatListField58	WAYPOINTS_CopyAndValidateWaypointData	no
11151	0x6fd74610	ITEMS_GetCollisionGfxTier	WAYPOINTS_ValidateAndCopyWaypointData	no
11152	0x6fd8b7d0	DATATBLS_IterateCallbacks	WAYPOINTS_GetWaypointNoFromLevelId	no
11153	0x6fd7f370	AllocateUnitData	WAYPOINTS_GetLevelIdFromWaypointNo	no
11154	0x6fdb7c20	WAYPOINT_ActivateFlag	;------------------------UNUSED------------------------	no
11155	0x6fd73590	DATATBLS_GetItemTypesTxtByte13Field	;------------------------UNUSED------------------------	no
11156	0x6fda32c0	UNIT_FindHirelingRecord	;------------------------UNUSED------------------------	no
11157	0x6fd9ffd0	DRLG_CheckOverlapAndTestSoundFlag	;------------------------UNUSED------------------------	no
11158	0x6fd9d8a0	MultiplyValuesBy5	;------------------------UNUSED------------------------	no
11159	0x6fdce470	GetLastError	;------------------------UNUSED------------------------	no
11160	0x6fd87e70	ITEMS_GetItemTypePropertyByte23	;------------------------UNUSED------------------------	no
11161	0x6fd73f90	ITEMS_GetEquippedSetBonusMask	;------------------------UNUSED------------------------	no
11162	0x6fd71710	INV_ClearInventoryAndRemoveAllItems	;------------------------UNUSED------------------------	no
11163	0x6fd84910	PATH_GetWorldCoords	;------------------------UNUSED------------------------	no
11164	0x6fd848b0	PATH_SetPathTargetFlag	;------------------------UNUSED------------------------	no
11165	0x6fd880a0	STATLIST_GetStatListCount	;------------------------UNUSED------------------------	no
11166	0x6fd8af00	STAT_ImportStateFlagsFromBuffer	;------------------------UNUSED------------------------	no
11167	0x6fdba750	SetMissileDataClampedShort	;------------------------UNUSED------------------------	no
11168	0x6fd802e0	GetUnitFixedPointY	;------------------------UNUSED------------------------	no
11169	0x6fdcc4a0	CalcLevelScaledTableValue	;------------------------UNUSED------------------------	no
11170	0x6fde9e1c	g_pDataTables	;------------------------UNUSED------------------------	no
11171	0x6fd72000	Ordinal_11171	;------------------------UNUSED------------------------	no
